               0.796 0 0 0 -2.02305e-07 -5.29849e-06  -0.00132624 0 0 0 0 0 0 4.92422e-07 2.48567e-05 0.000423934 -0.000470673  3.29368e-05 -1.41522e-05 0 0 0 1.48425e-06  -0.0250347    -9.80897 
               0.996   0.0733478    0.949567 -0.00438804  0.0106417 0.00087975  0.0860174  1.9181e-06 1.73812e-05 -4.9201e-08 -1.42307e-07  2.21162e-08  6.96072e-07   0.0945826 -0.00672885   0.0297187 -0.000470788  3.18323e-05 -1.41474e-05  1.40669e-06 -2.26923e-07 -6.04501e-06 1.31002e-07  -0.0250345    -9.80897 
               1.232 0.0524182  0.464858  0.017766  0.00241412 0.000412442   0.0240257 -1.46865e-05  0.000161477  2.91754e-05  4.00562e-07 -3.75943e-08  1.12795e-06    0.033274 -0.00526863  -0.0855205 -0.000483774   0.00027411 -4.72077e-05  2.71057e-05 -4.59148e-07  7.45276e-05 -2.48349e-05   -0.0250341     -9.80897 
               1.448   -0.19603  -0.465152 -0.0129773 -0.00313085   0.0017414   0.0665697 -0.00130148  0.00104373 1.46077e-05  1.51378e-06 -3.08917e-07  1.93375e-06 -0.0185195 0.00782012 -0.0761006 -0.000187852   0.00117794 -2.52894e-06  0.000184265  0.000225911 -0.000118744 -0.000174244   -0.0252524     -9.80897 
                1.68 -0.164301 -0.560417  -0.01142 -0.00663712  0.00350765   0.0371701 -0.00157411 -0.00384166 2.25488e-05  1.26732e-06 -2.99025e-07  8.92589e-07 -0.0352249  0.0125721  -0.116274 -0.000227747   0.00136811 -3.59992e-06 -0.00068865 0.000275169 6.98082e-05 0.000664128  -0.0252992    -9.80897 
               1.888 -0.175958 -0.586545 -0.033903 -0.00888612  0.00472776   0.0220672 -0.00598044  -0.0172633 6.56298e-05  1.40545e-06 -2.35438e-07  1.35372e-06 -0.0427649  0.0154762 -0.0855155 -0.000182844   0.00145932  2.54794e-05  -0.00312538    0.0010727 -0.000277664 0.00300555 -0.0260663   -9.80896 
               2.088  -0.215726  -0.718052 -0.0406015  -0.014555 0.00546637  0.0431228  -0.0148793  -0.0418018 0.000131213  2.17969e-06 -4.04388e-07  1.57922e-06 -0.0597712  0.0167888  -0.103058 -0.000104299   0.00165336  2.82666e-05 -0.00756824  0.00268174 -0.00287633 0.00726132 -0.0276137   -9.80896 
               2.224  -0.200758  -0.718968 -0.0412126 -0.0122724 0.00497992  0.0392217  -0.0211853  -0.0694646 0.000211514  2.34197e-06 -6.28089e-07  5.67721e-06 -0.0508398   0.014926 -0.0986257 -0.000127473   0.00161564   2.6241e-05  -0.0125251  0.00381221 -0.00486921  0.0120075 -0.0287017   -9.80895 
               2.408  -0.144524  -0.644379 -0.0886221 -0.0147183 0.00808212  0.0347433  -0.0194874  -0.0909309 0.000265333 1.93828e-06 2.71803e-08 9.15587e-06 -0.0505634   0.019442 -0.0551137 -0.000205451    0.0014644   8.7789e-05  -0.0164246  0.00348643 -0.00743333   0.015731 -0.0283915   -9.80895 
               2.612 -0.0737091  -0.534076  -0.104367 -0.0157597 0.00903453  0.0535584  -0.0247474   -0.119341 0.000344921 1.16377e-06 6.11464e-07 1.41993e-05 -0.0439463  0.0153462  0.0699459 -0.000312431   0.00123875  0.000105024 -0.0215709 0.00442661 -0.0130116  0.0206181 -0.0292976   -9.80893 
               2.812 -0.0739095  -0.585837 -0.0576851 -0.0132118 0.00630104  0.0521954  -0.0353328   -0.141813 0.000439679  3.98404e-07 -1.27724e-07  1.44125e-05 -0.0320099 0.00444184 -0.0388571 -0.000326948     0.001245  4.41424e-05 -0.0255215 0.00625503 -0.0152041  0.0243813 -0.0310582   -9.80892 
               3.012  -0.147109  -0.606089 -0.0526113  -0.011012 0.00525894  0.0535467  -0.0396336   -0.159047 0.000499339  2.64522e-07 -5.43208e-07   1.3904e-05  -0.0254815  0.00454743 -0.00863962 -0.000243653   0.00122738  3.77202e-05 -0.0285629 0.00700089 -0.0178035  0.0272709 -0.0317812   -9.80891 
               3.244  -0.106379  -0.424185 -0.0371945 -0.00694195  0.00497652   0.0478928  -0.0404826   -0.168995 0.000515863  1.77773e-07 -6.26632e-07  1.50662e-05 -0.00819023   0.0027666  -0.0709665 -0.000303415  0.000969924  1.72497e-05 -0.0303238 0.00714623 -0.0178346  0.0289575 -0.0319255   -9.80891 
               3.468 -0.0921972  -0.373474  -0.036688 -0.00451837   0.0045455   0.0278718  -0.0415453   -0.174182 0.000530521  1.16858e-07 -5.82603e-07  1.52035e-05 -0.00100643  0.00112755  -0.0965598 -0.000326037  0.000887019  1.64558e-05 -0.0312454 0.00733232 -0.0188698  0.0298316 -0.0321067    -9.8089 
               3.684  -0.197987   -0.50811 -0.0555078 -0.00749856   0.0048539   0.0368744  -0.0446632   -0.184609 0.000575425  6.21472e-07 -1.07084e-06  1.48787e-05 -0.0144547 0.00596161  -0.087761 -0.000199601   0.00102988  4.10438e-05 -0.0331342 0.00789209  -0.028458 0.0315673 -0.032656  -9.80889 
               3.904  -0.220128  -0.553887 -0.0552767 -0.00877467  0.00564959   0.0417353  -0.0469829   -0.195416 0.000601038  1.20087e-06 -1.28704e-06   1.4251e-05 -0.0190071 0.00967303 -0.0587339 -0.000180054   0.00106961  4.08078e-05 -0.0351304 0.00830293 -0.0353897  0.0334336 -0.0330605   -9.80889 
               4.108 -0.205282 -0.499273 -0.054676 -0.00855145  0.00632941   0.0476633  -0.0492058   -0.204618 0.000624201  1.36214e-06 -1.30269e-06  1.47344e-05 -0.0153995  0.0107136 -0.0211798 -0.000208008  0.000981596   4.0315e-05 -0.0368252 0.00869616  -0.040436  0.0350278 -0.0334447   -9.80888 
               4.284 -0.0980595  -0.365211 -0.0408919 -0.00451968  0.00576226   0.0455876  -0.0510502   -0.211019 0.000650831  1.19964e-06 -1.26384e-06  1.62526e-05 0.00101954 0.00418057   -0.09044 -0.000344714  0.000801659  2.29528e-05 -0.0379668 0.00902026 -0.0409546  0.0361186 -0.0337565   -9.80888 
               4.524 -0.141927  -0.41789 -0.056131 -0.00244142  0.00532733   0.0217815 -0.0534438  -0.214883  0.0006802  1.25507e-06 -1.18743e-06  1.61986e-05 0.00428296 0.00235443  -0.198267 -0.000293628  0.000855051   4.0784e-05 -0.0386579 0.00943156 -0.0423109  0.0367733 -0.0341508   -9.80887 
                4.76  -0.187947  -0.397235 -0.0592132 -0.00665871  0.00510652  0.00956781  -0.0566065    -0.22081 0.000724516  1.35444e-06 -1.21507e-06  1.61218e-05 -0.0059024 0.00340203  -0.217137 -0.000245037  0.000819518  4.56019e-05 -0.0397658  0.0100332 -0.0515638  0.0378008 -0.0347327   -9.80887 
               4.976  -0.100561  -0.104148 -0.0962014 -0.00682109   0.0068596  0.00687361   -0.056352   -0.230472 0.000694352 -1.01315e-06 -1.74987e-07  1.75134e-05 0.00614389 0.00435597  -0.154354 -0.000357144  0.000467342  8.94973e-05 -0.0416858 0.00993297 -0.0623437  0.0396144 -0.0346489   -9.80886 
               5.188 -0.0354576  0.0388293  -0.106155 -0.0057068  0.0066939  0.0145356  -0.0579352   -0.239594 0.000694389 -2.99358e-06   9.9438e-07  1.92085e-05    0.0177583 -0.000308803   -0.0240692 -0.000435198  0.000331897  0.000100475 -0.0435553  0.0102123 -0.0719558  0.0413978 -0.0349266   -9.80885 
                 5.3  -0.0402933 -0.00481904   -0.108656 -0.0057185 0.00656513  0.0439829  -0.0591714   -0.247273 0.000705304 -2.99211e-06   1.3631e-06  1.95717e-05   0.0153181 -0.00152479   0.0517869 -0.000433618   0.00037577  0.000103979 -0.0451254  0.0104202 -0.0796429  0.0429189 -0.0351389   -9.80884 
               5.488  -0.189837   -0.32993 -0.0850877 -0.00362184  0.00554032   0.0658048  -0.0620937   -0.253426 0.000755619 -1.95311e-06  8.41578e-07  1.74882e-05   0.0126165 0.000338382   0.0364398 -0.000264142  0.000744806  7.75339e-05 -0.0462983  0.0108898 -0.0828305  0.0440519 -0.0355943   -9.80884 
                 5.7 -0.143296 -0.293645   -0.0465 0.000767303  0.00467748   0.0796676  -0.0629404   -0.254679 0.000772502 -1.8101e-06 7.34455e-07 1.73372e-05   0.0226472 -0.00133979   0.0697536 -0.000319959  0.000694185  3.26858e-05 -0.0465094  0.0110114 -0.0833083 0.0442578 -0.035712  -9.80884 
               5.908  -0.170922  -0.562224 -0.0454125 0.000330352  0.00440566   0.0907289  -0.0637797   -0.254841 0.000789211 -1.09504e-06  5.06864e-07  1.71573e-05   0.00860933 -0.000326234    0.0201717 -0.000291244  0.000986633   3.1932e-05 -0.0465575  0.0111492 -0.0847614  0.0443171 -0.0358464   -9.80883 
               6.132   -0.15296  -0.330454 -0.0288894 0.000728544  0.00601108   0.0792922  -0.0616554   -0.247346 0.000747861 -1.57563e-06  6.60937e-07  1.54765e-05   0.0156324   0.0027209 -0.00678527 -0.000311406   0.00071929  1.16917e-05 -0.0452662  0.0107763 -0.0823123  0.0430553 -0.0354803   -9.80884 
               6.352  -0.166449  -0.589036 -0.0490243 -0.00144308  0.00557313   0.0904235  -0.0632654   -0.247756 0.000774676 -9.11738e-07  4.85542e-07  1.59354e-05 -0.000520057   0.00183368    0.0168279 -0.000299976  0.000992978  3.43039e-05 -0.0453123  0.0110882 -0.0837243  0.0431163 -0.0357799   -9.80884 
               6.568   -0.20702  -0.665959 -0.0460244 -0.00339485   0.0058663   0.0928066  -0.0640274   -0.248337 0.000790303 -6.96199e-07  4.64028e-07    1.589e-05 -0.00873991  0.00346812  -0.0741606 -0.000258515   0.00106342  3.07405e-05 -0.0454162  0.0112238 -0.0845112  0.0432236 -0.0359104   -9.80884 
               6.776  -0.215692  -0.466437 -0.0514569 -0.00421402  0.00643898   0.0958155  -0.0646962   -0.249466 0.000800484 -1.15145e-06  4.46025e-07  1.60953e-05 -0.00415512  0.00582744   -0.030332 -0.00025281 0.000835363 3.56434e-05 -0.0456295   0.011344 -0.0866366  0.0434416 -0.0360284   -9.80884 
               6.976  -0.214207  -0.133226 -0.0503298 -0.00204373    0.007025    0.103047  -0.0653279   -0.248782 0.000808346 -1.97782e-06  4.90863e-07   1.5809e-05    0.017047  0.00667981 -0.00301549 -0.000256783  0.000469663  3.26009e-05 -0.0455097  0.0114653  -0.088197  0.0433356 -0.0361445   -9.80884 
               7.176  -0.186309  -0.102935 -0.0521539 -7.96395e-06    0.0068888     0.125082 -0.0671243  -0.248334 0.00082586 -3.15251e-06  6.15127e-07  1.70053e-05  0.0269192 0.00444667  0.0334695 -0.000288485  0.000434222  3.41398e-05 -0.0454567  0.0117838 -0.0910913  0.0432968 -0.0364463   -9.80884 
               7.384  -0.204886   -0.20972 -0.0428789 -0.0864392 0.00543659   0.153988  -0.0689909   -0.246042 0.000855459 -3.86686e-06  7.82741e-07  1.91795e-05  -0.486412 -0.0210106  0.0605927 -0.000271898  0.000544339  2.47775e-05 -0.0450904  0.0120993 -0.0935224  0.0429589 -0.0367419   -9.80884 
               7.584 -0.0769826  -0.390482 -0.0655721  -0.177956 0.00155912    0.17601 -0.0640684  -0.250707 0.00498516 -4.44073e-06  1.18963e-06  1.59177e-05  -0.481177 -0.0330358  0.0628334 -0.000443716  0.000780758  4.91317e-07 -0.0458407  0.0113072  -0.094756  0.0436752 -0.0360039   -9.80884 
               7.792 -0.0609382  -0.486322 0.00413887  -0.254207 0.00347676   0.168228 -0.0568253  -0.248599 0.00958984 -3.02245e-06  9.94953e-07  1.65496e-05   -0.24708 0.00597044  0.0686224 -0.000609451  0.000874466 -0.000102024 -0.0456102  0.0100531 -0.0924579 0.043448 -0.03483 -9.80884 
               7.996 -0.327475 -0.711175  -0.87106 -0.314787 0.0133598  0.138759 -0.0517546  -0.247079 0.00943253 -1.56085e-05 -1.64955e-06  2.05724e-05 -0.293556 0.0383226  0.054086 -0.000410738   0.00107924 -5.39795e-05 -0.0456522  0.0091318  -0.087876    0.04347 -0.0339682   -9.80884 
               8.196 -0.179821 -0.668304  -1.50326 -0.366118 0.0343577  0.126473 -0.050477 -0.254308 0.0080915 -1.64581e-05  2.70616e-06  2.16778e-05 -0.304343  0.118717 0.0286356 -0.000239085  0.000747214  0.000136415 -0.0470275 0.00892191 -0.0859071  0.0447829 -0.0338184   -9.80884 
               8.404 0.260917 -0.62899 -2.29903 -0.408961 0.0419083  0.133516 -0.0596063  -0.265827  0.0113111 -1.50152e-05  8.04922e-06  5.12723e-05 -0.271749 0.0700281 0.0269286 -0.000476886  0.000482693  0.000282316  -0.049071  0.0105449 -0.0858727 0.0465272 -0.035441  -9.80883 
               8.628  0.539242 -0.392983  -3.24723 -0.394783 0.0264849   0.14627 -0.0725825  -0.270158  0.0122491 -6.94696e-06   8.7312e-06  3.85698e-05 0.0629826 -0.029475  0.122915 -0.000466258  7.77344e-05  0.000623695 -0.0499115  0.0128141 -0.0849372  0.0468253 -0.0375616   -9.80882 
               8.832  0.371592 -0.895816  -3.33564 -0.391733  0.017349  0.132137 -0.0749199  -0.262477  0.0133952 -1.74313e-05  1.69419e-05  4.02361e-05   0.0322734  -0.0478244 -0.00197346 -0.000270614  0.000500273  0.000715765 -0.0485257  0.0132428 -0.0819378  0.0454038 -0.0376796   -9.80882 
               9.036 0.179207 -1.00668 -3.31107 -0.395158 0.0152328  0.122737 -0.0708142   -0.25384  0.0116371 -9.45643e-06  2.68136e-05  4.70645e-05 0.00103289 -0.0396601  0.0189171 -9.30673e-05  0.000596585  0.000685178 -0.0468245  0.0125414  -0.080089  0.0440917 -0.0367167   -9.80883 
               9.228 0.0785565 -0.969262  -3.31021 -0.444069 0.0208092  0.113559 -0.0650842  -0.248023  0.0108487 -5.24709e-06  3.28501e-05   4.6593e-05    -0.308857 -0.000885992  -0.00335276 -6.31711e-07  0.000552946  0.000676609 -0.0456192  0.0114709 -0.0787559  0.0433938 -0.0355137   -9.80884 
               9.432  0.261451 -0.221131  -3.91286 -0.491715 0.0312004  0.107373 -0.0571232  -0.250307  0.0158301 -2.8165e-05 4.37344e-05  4.6052e-05    -0.281625 -0.000979313   -0.0564563 -1.05679e-05 -0.000319609  0.000706766  -0.046007 0.00997998 -0.0781656  0.0443123 -0.0343267   -9.80884 
               9.588  0.329445 0.0666346  -4.96489  -0.52546 0.0395162 0.0979308 -0.0516396  -0.252141  0.0192971 -4.88714e-05  5.20256e-05    4.257e-05  -0.250561  0.0219181 -0.0352157  0.000261922 -0.000929214  0.000883713 -0.0462979 0.00899749 -0.0779383   0.044978 -0.0335724   -9.80884 
               9.792  0.335266 -0.101164  -5.90436  -0.56769 0.0460501  0.106233 -0.048587 -0.257298 0.0201662 -5.84274e-05  5.96064e-05  3.97448e-05   -0.247527    0.067978 -0.00826094  0.000405538 -0.000928981  0.000915379 -0.0472326 0.00837439 -0.0794357  0.0460747 -0.0333807   -9.80883 
              10.008 -0.726143 -0.585463  -7.49896 -0.605149 0.0692203  0.109274 -0.0488988  -0.257347  0.0195539 -5.6315e-05 5.78323e-05 4.67078e-05 -0.0399754  0.0889788  0.0106353   0.00163092 -0.000516515   0.00114953 -0.0472347 0.00843574 -0.0798913  0.0460689 -0.0334482   -9.80883 
               10.22 -0.426919 -0.732363  -8.62345 -0.606881 0.0753442  0.113542 -0.0554899  -0.265429  0.0213889 -6.42134e-05  6.08581e-05  5.34621e-05 -0.0335303   0.075817  0.0336586    0.0015198 -0.000418283   0.00139845 -0.0486625 0.00961566 -0.0797655  0.0464352 -0.0348826   -9.80883 
               10.42 -0.433139 -0.687039  -8.66949  -0.60505 0.0712097  0.116763 -0.0660256  -0.277801  0.0271811 -0.000118754  5.04043e-05  6.80496e-05 -0.0215591  0.0497501  0.0448019   0.00150355 -0.000450423   0.00142014 -0.050802  0.011407 -0.079195  0.0465646 -0.0370473   -9.80882 
               10.62 -0.484182 -0.649503  -8.66699 -0.547609 0.0547441  0.121133 -0.0738307  -0.288825  0.0301257 -0.000148827  3.74026e-05  7.38461e-05   0.373351 -0.0386998  0.0510753   0.00152378 -0.000479666   0.00139985 -0.0526881  0.0127313 -0.0785242  0.0467656 -0.0388217   -9.80881 
              10.832 -0.0514232   -1.50908   -10.3428 -0.477435 0.0367819  0.123164 -0.0784141  -0.290319  0.0338031 -0.000122117  2.39065e-05  8.75977e-05   0.381963 -0.0777474  0.0639474  0.00117153 0.000231001  0.00115088 -0.0529567  0.0135537 -0.0776744  0.0462102 -0.0393326   -9.80881 
              11.032  0.545209 -0.611415  -13.1315  -0.375339 0.00926616   0.116131 -0.0760839  -0.306414  0.0331905 -0.000125393  5.65957e-05   0.00010624  0.491005 -0.143496  0.055949  0.000670379 -0.000607776   0.00112024 -0.0551051  0.0131662 -0.0754049  0.0482797 -0.0405307    -9.8088 
              11.172 -0.125271 -0.604421  -16.3032  -0.284859 -0.0148999  0.0819062 -0.076377 -0.330149 0.0347997 -0.000102097  9.91544e-05  0.000122642  0.587197  -0.16138 0.0207436   0.00127491 -0.000605228   0.00104115 -0.0576229  0.0132051 -0.0707415  0.0500926 -0.0424681   -9.80878 
              11.392 0.0215309 -0.437147  -18.9313   -0.24985 -0.0250179  0.0774737 -0.0766272  -0.335223   0.034981 -9.88128e-05  0.000108185  0.000122387 -0.0118503 -0.0228351  0.0435871   0.00116374 -0.000751741   0.00100793 -0.0580255   0.013235 -0.0695117  0.0502394 -0.0428744   -9.80878 
              11.608 -0.0593448  -0.437216   -20.0664  -0.227999 -0.0308046  0.0824541 -0.0690951  -0.346663  0.0384153 -6.76845e-05  6.33132e-05  0.000114574 0.0389068 -0.024934  0.032056   0.00116807 -0.000715876   0.00136705 -0.0600024   0.011914 -0.0693473   0.052932 -0.0450063   -9.80875 
              11.828 -0.172996 -0.665742  -20.0335  -0.247295 -0.0164664  0.0915533 -0.0682398  -0.342535  0.0408609 -4.53276e-05  7.76909e-05   0.00011561 -0.203056   0.12011 0.0442183  0.00125296 -0.00050502  0.00132014 -0.0593139   0.011761 -0.0692792  0.0531802 -0.0443659   -9.80876 
              12.068 0.00231159  -0.418672   -21.6286 -0.317822 0.0207773 0.0972888 -0.069388 -0.329262 0.0436106 -3.70055e-05  8.97614e-05  0.000110901 -0.307313  0.134854   0.14082   0.00105892 -0.000540958   0.00083041 -0.0574008   0.011853   -0.06744  0.0529608 -0.0423031   -9.80877 
               12.26 -0.0202523  -0.191251   -27.1826 -0.373674 0.0771256  0.118563 -0.0557586  -0.312654  0.0516883 -0.000264931  5.35498e-05  0.000110491 -0.307722  0.219639  0.158534   0.00109192 -0.000615666   0.00072839   -0.05484 0.00968923 -0.0667015  0.0570747 -0.0407323   -9.80875 
              12.444 -0.0386312  -0.597929   -32.2626 -0.427836  0.127398  0.127486 -0.0509072  -0.304206  0.0533951 -0.000311609  5.39914e-05  0.000110684 -0.315579  0.293929  0.120878   0.00131202 -0.000382763  0.000509724 -0.0544167 0.00889448  -0.064428  0.0586857 -0.0406664   -9.80874 
               12.58  -0.250073 -0.0591991   -37.7506 -0.466005   0.17366  0.129909 -0.0463414  -0.291209  0.0539352 -0.000340793  1.84506e-05  0.000111823 -0.289631  0.325713  0.128824  0.00166152 -0.00107751 0.000240137 -0.0529935 0.00823345 -0.0627017  0.0609166 -0.0397458   -9.80873 
               12.82 -0.125214  0.181909  -42.4763 -0.537052  0.260421  0.143704 -0.0519993   -0.28298  0.0534191 -0.000316602 -1.24806e-05  0.000108285 -0.22292 0.399909 0.112716  0.00160252 -0.00131456 0.000224298 -0.0524584 0.00930824 -0.0608518  0.0601483 -0.0376983   -9.80874 
               13.08 -0.298101   0.68669  -51.0074 -0.600156  0.365027  0.143672 -0.0587333  -0.276583  0.0524312 -0.000286948 -1.28738e-05  0.000105316 -0.173803  0.405481  0.108902   0.00175591  -0.00179979 -0.000441627 -0.0525573   0.010765 -0.0577433  0.0590971 -0.0354788   -9.80876 
              13.308 -0.439951  0.346308  -62.0917 -0.577476  0.318311  0.137249 -0.0750438  -0.283894  0.0515581 -0.000230123  3.27901e-05  0.000115844   0.333986    -0.4152 0.00200999   0.0014319 -0.00121084 -0.00129957 -0.0541783  0.0137731 -0.0570954  0.0540456 -0.0316816    -9.8088 
              13.512 0.429204 0.232734 -68.3161 -0.571377  0.228238 0.0931529 -0.0978728  -0.302985  0.0784926 -0.00039582 0.000147905 0.000164207    0.20483  -0.453837 -0.0369491 0.000539026 -0.00092654 0.000760691 -0.0576329  0.0190178  -0.053722  0.0459659 -0.0249836   -9.80886 
              13.744   0.557055 -0.0744343   -68.3335 -0.541424  0.110616 0.0989194 -0.0997265  -0.320615  0.0905837 -0.000580777  3.68843e-05  0.000149747  0.142387  -0.49011 0.0538772    0.0002619 -0.000497129  0.000770794 -0.0612252  0.0195924 -0.0538773  0.0404128 -0.0256442   -9.80888 
              13.956  0.407554 -0.107205  -68.2383  -0.505725 0.00963132   0.111385 -0.0889435  -0.317748  0.0867098 -0.000513795  2.48729e-05  0.000153467   0.15383 -0.498405  0.146175  0.000143976 -0.000271349  0.000696018  -0.059969  0.0179023 -0.0525206  0.0432629 -0.0284431   -9.80886 
              14.176  0.374975 -0.941501  -68.3701   -0.45416 -0.0903617   0.121741 -0.0647795  -0.313271  0.0854825 -0.000476203 -3.74595e-05  0.000161496  0.174385 -0.460375  0.127447 -8.25907e-05  0.000627027  0.000803444 -0.0578407  0.0142848 -0.0506954  0.0479298 -0.0347584   -9.80882 
               14.38 0.669797 -1.41475 -68.4058 -0.411866 -0.178096  0.131242 -0.0538479  -0.308326  0.0861626 -0.000482439 -4.33607e-05  0.000157581  0.156916 -0.426357  0.134414 -0.00058377  0.00122672 0.000826235 -0.0559933   0.012661 -0.0492314  0.0510388 -0.0372474    -9.8088 
              14.592 0.589089 -1.11416  -68.403 -0.374217 -0.273829  0.139331 -0.0510422  -0.312161  0.0864613 -0.000475635 -1.67952e-05  0.000167735  0.159235 -0.431591  0.105343 -0.000728686   0.00115439  0.000824577 -0.0557849  0.0122745 -0.0473022   0.050869 -0.0380759   -9.80879 
               14.82 0.424932 -1.25547 -68.3325 -0.330248  -0.38274  0.139847 -0.0487501  -0.322535  0.0869018 -0.000470951  1.77503e-05  0.000173067  0.166011 -0.436136  0.102795 -0.000667195   0.00131979  0.000783784 -0.0568261  0.0119161 -0.0447083  0.0487631 -0.0393577    -9.8088 
              15.032 0.263628  -0.8754 -68.2334 -0.269473  -0.47834  0.129285 -0.0417325  -0.311613  0.0879324 -0.000472988  4.61994e-05  0.000178645   0.21207 -0.439997 0.0723848 -0.000648996   0.00108732  0.000721408 -0.0541702   0.010622   -0.04194  0.0530535 -0.0405717   -9.80877 
              15.268  0.784142 -0.975937  -68.2436 -0.229883 -0.587657  0.120491 -0.0463447  -0.312788  0.0884164 -0.00047145 4.74843e-05 0.000179508  0.166346 -0.450383 0.0485786 -0.00120742  0.00129271 0.000737259 -0.0540285  0.0114279 -0.0399263  0.0524256 -0.0391615   -9.80878 
              15.476  1.08041  -1.0683 -68.2074 -0.201123 -0.678403  0.136946 -0.0447662  -0.311374  0.0884118 -0.000472423  4.81046e-05   0.00017949  0.128022 -0.442705 0.0610189 -0.00163108  0.00152089 0.000711234 -0.0538103  0.0111368 -0.0401862  0.0529783 -0.0395651   -9.80878 
               15.68  0.993507 -0.942927  -68.2616 -0.165581 -0.772266   0.13209 -0.0406803  -0.306183  0.0885676 -0.000473352  5.16221e-05  0.000182546  0.117969  -0.45056 0.0389217 -0.00166651  0.00150298 0.000767581 -0.0528616  0.0103033 -0.0389974 0.0549112 -0.040557  -9.80876 
              15.884   0.83372 -0.878187  -68.2185 -0.129358 -0.865317  0.126196 -0.0341746  -0.298325  0.0887577 -0.000474716   5.5983e-05  0.000189525  0.122622 -0.453159 0.0281542 -0.00172573  0.00160222 0.000732469 -0.0514797 0.00898099 -0.0379619  0.0578534 -0.0421627   -9.80874 
              16.084 0.827055 -0.84355 -68.2008 -0.0869006  -0.950667   0.122902 -0.0240588   -0.28168  0.0893898 -0.00048101  6.0814e-05 0.000192871  0.135543 -0.443002  0.039671 -0.00190207  0.00171121 0.000718643 -0.0484738 0.00692108  -0.037176  0.0637252 -0.0442678   -9.80869 
              16.288  0.903866 -0.704461  -68.2848 -0.0502709   -1.05001   0.119244 -0.0164514  -0.282595  0.0892558 -0.000478703  6.59339e-05  0.000194821  0.137339  -0.46846 0.0184599 -0.00207134  0.00168754 0.000796005 -0.0487757 0.00546712 -0.0365708  0.0642427 -0.0468812   -9.80868 
                16.5  0.855422 -0.687246  -68.2932 -0.0120312   -1.15059   0.119433 -0.00881882   -0.277584   0.0894068 -0.000480563  6.96827e-05  0.000194708   0.14009 -0.476655 0.0196258 -0.00221268   0.0018207 0.000800699 -0.0479506 0.00399671 -0.0362109   0.066465 -0.0490108   -9.80865 
              16.704  0.666281 -0.735738  -68.3931 0.0234662  -1.24024  0.119988 -0.00606109   -0.267518    0.089771 -0.000487108  7.04082e-05  0.000198966   0.137308  -0.460417 0.00598123 -0.00218659  0.00195802 0.000885219 -0.0461006 0.00341933  -0.035791  0.0696463 -0.0491438   -9.80863 
              16.904  0.542479 -0.465279  -68.4716 0.0344532  -1.25896  0.110409 -0.00383502   -0.257777   0.0901403 -0.000492103  7.15659e-05  0.000198148 -0.00260213  -0.0380688 -0.00222938 -0.00225719  0.00188491 0.000947345 -0.0443319 0.00292838 -0.0348789  0.0726847 -0.0491596   -9.80861 
                17.1  0.459425 -0.277801  -68.6095 0.036761 -1.26643 0.104965 -0.00477916   -0.254042   0.0915403 -0.000494273  7.07823e-05  0.000196986  0.00748831  -0.0518108 -0.00386014 -0.00225263  0.00157692  0.00100161  -0.043643 0.00306991 -0.0345989   0.073659 -0.0485889    -9.8086 
              17.296  0.313746 -0.316416  -68.5588 0.0360412   -1.2656  0.115304 -0.0105946   -0.24607  0.0930845 -0.000497927  7.20931e-05  0.000202478 0.0110988 -0.035303 0.0940947 -0.00210909   0.0015925 0.000954231 -0.0419777 0.00410329 -0.0347053  0.0754313 -0.0460597    -9.8086 
                17.5  0.302323 -0.412363  -68.5717 0.0624357  -1.30454   0.13049 -0.0164511  -0.237884  0.0931295  -0.0005032 7.08692e-05 0.000207477  0.267341 -0.383525 0.0958996 -0.00208072  0.00164762 0.000955179 -0.0407591 0.00518212 -0.0342851 0.0768523 -0.043628   -9.8086 
                17.7  0.510864 -0.432868  -65.7221 0.101727 -1.38783 0.133979 -0.0233437  -0.245467   0.096112 -0.000568872  2.77603e-05  0.000216734  0.231662 -0.356294 0.0830052 -0.00221756  0.00163964  0.00202335 -0.0423751 0.00631835   -0.03306  0.0738676 -0.0422464   -9.80863 
              17.912  0.139548 -0.707495  -57.6382 0.152209 -1.46284  0.13886 -0.031396 -0.245838 0.0986344 -0.000663801  0.000101761  0.000217246  0.294891 -0.346135 0.0767748 -0.00186788  0.00180302  0.00174244 -0.0424629 0.00778393 -0.0321679  0.0728106 -0.0397524   -9.80865 
              18.104 -0.215801 -0.799688  -50.1079 0.208257 -1.51818 0.145752 -0.0374375  -0.243153  0.0989856 -0.000679009  0.000184511  0.000216925  0.346243 -0.283037 0.0624855 -0.00156101  0.00191766    0.001898 -0.0417088 0.00896365 -0.0315788  0.0727044 -0.0373862   -9.80866 
              18.304 -0.0215931  -0.230511   -42.3852 0.319147  -1.5736 0.118241 -0.0234712   -0.23789  0.0950503 -0.000600961  0.000121294   0.00023012  0.477975 -0.261156 0.0274973 -0.00175061  0.00142342  0.00153078 -0.0407727 0.00662079 -0.0290431  0.0770014 -0.0402122   -9.80862 
              18.504 0.0368609 -0.149151  -34.0329 0.398838 -1.63918 0.114791 -0.0326087  -0.241793   0.094685 -0.000603332  0.000265009  0.000235856  0.488413 -0.283569 0.0302282 -0.00199465  0.00109933  0.00139487 -0.0411722 0.00877573  -0.028296 0.0740413 -0.038826  -9.80864 
              18.732 -0.062787 -0.060781  -25.1691 0.431173 -1.65975 0.120595 -0.0337011  -0.240304  0.0941009 -0.000580293  0.000272672  0.000239046  0.0931716 -0.0482076  0.0155981 -0.00195745 0.000910542  0.00182926 -0.0408517 0.00896021 -0.0284796  0.0735958 -0.0383845   -9.80865 
              18.936  -0.37364 -0.655135  -21.5562 0.492564 -1.67752 0.144995 -0.0278207  -0.229326    0.10191 -0.000696478 -0.000231917  0.000302667  0.560299  -0.23129 0.0382675 -0.00173267  0.00128177 0.000588294 -0.0379348 0.00746452 -0.0297211  0.0704765 -0.0363961   -9.80868 
              19.136 -0.665742 -0.932523  -24.8605 0.492097 -1.64241 0.162896 -0.013802 -0.215797 0.0991808 -0.00123958 -0.00118686 0.000351724 -0.0139497  0.0934114  0.0365068  -0.00154407   0.00141428 -0.000386153 -0.0350232 0.00480898 -0.0304424   0.065788 -0.0350197   -9.80872 
               19.34 -0.293564 -0.579804  -26.6865 0.560374 -1.68984 0.150436  -0.02404 -0.220029 0.0937359 -0.000926162 -0.000996717  0.000459352  0.389113  -0.15557 0.0218995   -0.001625  0.00117041 0.000505119 -0.0365279 0.00725861 -0.0289858  0.0682549 -0.0369224   -9.80869 
               19.54 -0.444468 -0.717049  -23.4266  0.62167 -1.73837 0.157525 -0.0303994  -0.216467  0.0977828 -0.00115423 -0.00101178 0.000465121  0.351663 -0.154161 0.0334203 -0.00166043  0.00107585  0.00134204 -0.0357311 0.00864553 -0.0290875  0.0675394 -0.0385553   -9.80869 
              19.752 -0.583694 -0.639304  -16.9897 0.724308  -1.7928 0.160396 -0.0322818  -0.216451   0.100096 -0.00129914 -0.00105076 0.000462824  0.628882 -0.253889 0.0425742 -0.00169504 0.000970444   0.0010556 -0.0356911 0.00909201 -0.0287727   0.067535 -0.0391525   -9.80869 
              19.952 -1.22392  -1.0264 -19.0617 0.750576 -1.75723 0.184274 -0.0185887  -0.208582  0.0878833 -0.00167897 -0.00126729 0.000523546 0.0390319 0.0905592 0.0611491  -0.00116742   0.00119692 -0.000552672 -0.0338646 0.00615579 -0.0297138  0.0637234 -0.0368486   -9.80872 
              20.136 -0.819938 -0.695151  -21.2912 0.831266 -1.79363 0.172765 -0.0270328  -0.209322  0.0825842 -0.00140057 -0.00110992 0.000558435    0.55057  -0.119711 0.00152991 -0.00129416 0.000944063 0.000306927 -0.0345647 0.00791634 -0.0286089   0.065603 -0.0385134   -9.80871 
              20.352 -0.908483 -0.760043  -21.1442 0.835563 -1.79862  0.17052 -0.0290601  -0.201698  0.0835807 -0.00136932  -0.0011579 0.000565962 -0.0105353   0.055898  0.0284055 -0.00139471  0.00119708 0.000291961 -0.0327837  0.0085871 -0.0281826  0.0639549 -0.0404339   -9.80871 
              20.568 -0.849952 -0.632058  -21.0161 0.814762 -1.79467 0.172587 -0.0325412  -0.202404   0.079841 -0.00139308 -0.00117939 0.000570121 -0.138227 0.0613378 0.0361855 -0.00146491  0.00118255 0.000302334 -0.0330986 0.00933029 -0.0278447   0.064729 -0.0410968    -9.8087 
              20.784 -0.697013 -0.220109  -15.4051 0.790883 -1.81909 0.160553 -0.0426716  -0.206144  0.0638434 -0.00172737 -0.00150112 0.000587987   -0.19013 0.00955684  0.0240803 -0.00164842 0.000887774  0.00140032 -0.0343885   0.011148 -0.0266647  0.0673047 -0.0425294   -9.80868 
              21.004  -1.04143 -0.351328  -8.83563 0.739212 -1.81045 0.170574 -0.0414891  -0.203842  0.0645018  -0.0017236 -0.00142857 0.000590459  -0.20342 0.0581297 0.0501842 -0.00153858 0.000904797 0.000641129 -0.0339193  0.0109187 -0.0267064  0.0665797 -0.0427602   -9.80868 
              21.236 -1.02706 -0.24933 -6.40147 0.733125 -1.79748 0.164584 -0.0413307   -0.20186  0.0655902 -0.00170871 -0.00140717 0.000590706   0.538197  0.0372612 0.00400239 -0.00147408 0.000945797 0.000473433 -0.0342246  0.0106977 -0.0257723  0.0665564 -0.0426855   -9.80868 
              21.432 -0.811674 -0.357102  -5.11748 0.797345 -1.81076 0.159064 -0.035543 -0.181713 0.0706785  -0.0015179 -0.00164009 0.000612824  0.468453 0.0110987 0.0159588 -0.00172789  0.00103198 0.000268426 -0.0305486 0.00981665 -0.0250573 0.0640568 -0.048061  -9.80867 
              21.592  -0.953697 -0.0686857   -5.18478 0.869972 -1.82159 0.153203 -0.0385102  -0.177603  0.0846873 -0.00141279 -0.00165668 0.000606945   0.481436 0.00131333 -0.0166558 -0.00161488   0.0008263 0.000317296 -0.0294483  0.0104621 -0.0245002  0.0650204 -0.0495731   -9.80866 
                21.7 -0.823338  0.154428  -5.25116 0.925081 -1.82892 0.147493 -0.0423883  -0.177308  0.0914232 -0.00137973 -0.00164999 0.000610999    0.504706 -0.00966483  -0.0293681 -0.00169958 0.000667265 0.000369705 -0.0291874  0.0112253 -0.0240407   0.066288 -0.0498703   -9.80865 
                21.9 -0.915233 0.0813619  -5.22157  1.03235 -1.83677  0.14695 -0.0476115  -0.175867  0.0964582 -0.00136175 -0.00164113 0.000607016    0.537277 -0.00126775 -0.00811938  -0.0016267 0.000717973 0.000352862  -0.029266  0.0122924 -0.0242161  0.0680576 -0.0498965   -9.80864 
              22.108 -0.916892 0.0992687  -5.20457  1.13278 -1.84523 0.147715 -0.0453275  -0.167493  0.0992466 -0.00137459 -0.00164503 0.000610382     0.538192   0.00271761 -0.000603629 -0.00162054 0.000709124 0.000355336 -0.0275591  0.0121056 -0.0243127  0.0675974 -0.0524543   -9.80863 
               22.32 -1.03683 0.120352 -5.14357  1.23296 -1.84758 0.157962 -0.0413112  -0.158691   0.100196 -0.00139149  -0.0016301 0.000611889  0.535456 0.0225147 0.0212182 -0.00153182 0.000700715  0.00032854 -0.0259733  0.0115477 -0.0248407 0.0665292 -0.054862  -9.80862 
              22.532  -1.11072 0.0294711  -5.12211  1.25427 -1.85125 0.154161 -0.0459956  -0.154046  0.0985119 -0.00141422  -0.0016407 0.000611288 0.0358791 0.0640285 0.0187693 -0.00147379 0.000765365 0.000333184  -0.024842  0.0125668 -0.0242891  0.0680818 -0.0565906    -9.8086 
              22.764 -0.836286  0.102042  -5.13705  1.28314 -1.85071 0.168929 -0.0556849  -0.156434   0.090329 -0.00141255 -0.00166048 0.000623015 0.0970592 0.0546646  0.127689 -0.00165257 0.000707459 0.000368756 -0.0255728  0.0143842 -0.0241679  0.0711462 -0.0557564   -9.80858 
              22.976  -0.844194 -0.0531494   -5.10098  1.28512 -1.85374 0.177382 -0.0538854  -0.145908  0.0830804 -0.00142969 -0.00165628  0.00062668 0.0810055 0.0440876 0.0827654 -0.00163012 0.000798921 0.000344834 -0.0240721  0.0140362 -0.0234308  0.0705731 -0.0584544   -9.80857 
              23.096 -0.876645 -0.102576  -5.10164  1.27706 -1.85844 0.173852 -0.0504572  -0.134407   0.081151 -0.00144336 -0.00165076 0.000624779 0.0537627 0.0323288 0.0811337 -0.00159342 0.000815621  0.00034278 -0.0227806   0.013384 -0.0224286 0.0695487 -0.061073  -9.80856 
              23.216    -0.8875 -0.0903175   -5.11098  1.27523  -1.8588 0.173483 -0.0483513  -0.128153  0.0813497 -0.00144941 -0.00164763 0.000622257 0.0460087 0.0315579 0.0692355 -0.00158039  0.00079952 0.000347069 -0.0221797  0.0130007 -0.0216969 0.0689491 -0.062417  -9.80856 
              23.328  -0.899107 -0.0915099   -5.11326  1.27392 -1.85903 0.171648 -0.0468004  -0.122777  0.0819183 -0.00145464 -0.00164512 0.000620129 0.0405717 0.0309329 0.0578234 -0.00156803 0.000795001 0.000346467 -0.0216289  0.0127303 -0.0210013  0.0685202 -0.0636045   -9.80855 
               23.44  -0.893473 -0.0882222   -5.11664   1.2732 -1.85883 0.170802 -0.0455716   -0.11827  0.0824942 -0.00145934 -0.00164329 0.000618775 0.0375888 0.0313014 0.0479586 -0.00156725 0.000789119 0.000346143 -0.0210931  0.0125351 -0.0203877  0.0681899 -0.0646663   -9.80855 
              23.568  -0.885656 -0.0878964   -5.12056  1.27328 -1.85826 0.169419 -0.0447063  -0.114069  0.0830164 -0.00146428 -0.00164214  0.00061834 0.0372349 0.0327004 0.0387862 -0.00156662 0.000785491 0.000345822 -0.0205308  0.0124134 -0.0197947   0.067967 -0.0657129   -9.80854 
              23.704  -0.872375 -0.0859725   -5.12149  1.27341 -1.85764 0.167455 -0.0438989  -0.109872  0.0834454 -0.00146993 -0.00164122 0.000618199 0.0371556 0.0341859 0.0436421 -0.00156986 0.000779986 0.000343796 -0.0198636  0.0123217 -0.0192435  0.0677647 -0.0668491   -9.80854 
              23.812  -0.853283 -0.0838436   -5.12262  1.27227 -1.85822  0.16409 -0.0431132   -0.10568  0.0837602 -0.00147614 -0.00164029 0.000617777 0.0341127 0.0317012 0.0359077 -0.00157719 0.000774163  0.00034213 -0.0191073  0.0122528 -0.0187463   0.067573 -0.0680606   -9.80853 
              23.912  -0.832763 -0.0765293   -5.12461  1.27173 -1.85856 0.162111 -0.042577 -0.102387 0.0839419 -0.00148122 -0.00163995 0.000617693  0.0329705  0.0294902 0.00487898 -0.00158708 0.000765731  0.00034142 -0.0184683  0.0122282 -0.0184036  0.0674533 -0.0690501   -9.80853 
              24.024  -0.818127 -0.0740092    -5.1272  1.27198 -1.85817 0.161348 -0.0420791 -0.0995193  0.0840495 -0.00148588 -0.00163959 0.000617729   0.0337631   0.0297936 -0.00463501 -0.00159396 0.000760919 0.000342072 -0.0178865  0.0122026 -0.0181467 0.0673364  -0.06993  -9.80852 
              24.108  -0.807924 -0.0753045   -5.12709  1.27114  -1.8588 0.159905 -0.0415946 -0.0964594  0.0841239 -0.00149108 -0.00163914 0.000617769  0.031254 0.0276093 0.0120057 -0.00159753 0.000758798 0.000340668 -0.0172531  0.0121823 -0.0179168 0.0672211 -0.070876  -9.80851 
              24.232  -0.802602 -0.0704152   -5.12634  1.27222 -1.85743  0.15933 -0.0410411 -0.0941693  0.0841636 -0.00149501 -0.00163854 0.000617718 0.0341304 0.0308346 0.0109287 -0.00159818 0.000753509 0.000338252 -0.0167649  0.0121299 -0.0177487  0.0670721 -0.0715935   -9.80851 
              24.336  -0.787874 -0.0747602   -5.12229  1.27187 -1.85742 0.157887 -0.0404764 -0.0911106  0.0842067 -0.00150043 -0.00163789 0.000617735  0.0325856  0.0296086 0.00943467 -0.00160396  0.00075323  0.00033358 -0.0161072  0.0121014 -0.0175787  0.0669327 -0.0725548    -9.8085 
              24.436  -0.769381 -0.0734561   -5.12356  1.27161 -1.85747 0.158137 -0.0400131 -0.0883352   0.084244 -0.00150547 -0.00163734 0.000617783 0.0316297 0.0286739 0.0283928 -0.00161339 0.000749513 0.000332766 -0.0155026  0.0120934 -0.0174545  0.0668277 -0.0734328    -9.8085 
               24.54  -0.767699 -0.0780872   -5.12467  1.27166 -1.85736  0.15883 -0.0396739 -0.0857291  0.0842748 -0.00151009 -0.00163699 0.000617691 0.0315393 0.0277613 0.0145832 -0.00161046 0.000750021 0.000331842 -0.0149453  0.0120942 -0.0173245  0.0667499 -0.0742474   -9.80849 
               24.64  -0.787067 -0.0835781   -5.11722  1.27161 -1.85764  0.15905  -0.039491 -0.0830507   0.084305  -0.0015149 -0.00163669 0.000617179 0.0310959  0.026759  0.019903 -0.00159294 0.000750981 0.000325062 -0.0143836  0.0121176 -0.0171735  0.0667135 -0.0750749   -9.80849 
              24.752  -0.797419 -0.0883977   -5.11825  1.27198 -1.85754 0.158663 -0.0392753 -0.0804989  0.0843404 -0.00151937 -0.00163642 0.000616692   0.0316933   0.0265481 -0.00085687 -0.00158202 0.000751607 0.000324292 -0.0138473  0.0121304 -0.0170176  0.0666634 -0.0758636   -9.80848 
               24.86 -0.793168 -0.090866  -5.11896  1.27192 -1.85763 0.158287 -0.0389101 -0.0778185  0.0843885 -0.00152404  -0.0016361 0.000616447  0.031008 0.0264752 0.0179356 -0.00158172 0.000750333 0.000323814 -0.0132716  0.0121272 -0.0168814  0.0665747 -0.0767002   -9.80847 
              24.952 -0.794956 -0.091996   -5.1202  1.27135 -1.85808 0.158294 -0.0385162 -0.0752433  0.0844396 -0.00152853 -0.00163578 0.000616245 0.0290897 0.0250872 0.0168614 -0.00157803 0.000748635 0.000323936 -0.0127107  0.0121225 -0.0167487  0.0664806 -0.0775108   -9.80847 
              25.068 -0.88284 -0.10924 -5.09444  1.27235 -1.85809 0.158922 -0.0387607 -0.0730501  0.0844676 -0.00153276 -0.00163587 0.000614863 0.0312745 0.0274321 0.0173928 -0.00151611 0.000758526 0.000305188 -0.0122531  0.0122363 -0.0166777  0.0665888 -0.0781878   -9.80846 
              25.192 -0.899246 -0.114128  -5.09252    1.273 -1.85782 0.159726 -0.0386701 -0.0705324  0.0845142 -0.00153734 -0.00163575   0.0006142 0.0319236 0.0304922 0.0505446 -0.00150175  0.00075918 0.000301946 -0.0117131  0.0122968 -0.0165965  0.0665962 -0.0789731   -9.80846 
              25.292 -0.917412 -0.122043  -5.09053  1.27241 -1.85834 0.161094 -0.0384826 -0.0677712  0.0845683  -0.0015422 -0.00163567  0.00061402 0.0294857 0.0292659 0.0104847 -0.00148541 0.000761373 0.000298689 -0.0111169   0.012346 -0.0164749  0.0665755 -0.0798377   -9.80845 
              25.392 -0.933161 -0.124813  -5.09573  1.27211 -1.85883 0.161571 -0.0385237 -0.0652409  0.0846113 -0.00154642 -0.00163599 0.000613994  0.0283611  0.0288813 0.00242787 -0.00147184 0.000760159 0.000301103 -0.0105887  0.0124176 -0.0163182   0.066611 -0.0806161   -9.80844 
              25.488 -0.942286 -0.128638  -5.09753  1.27187 -1.85906 0.160781 -0.0385154 -0.0629468  0.0846499 -0.00155022 -0.00163627 0.000614195 0.0274074 0.0296014 0.0203121 -0.00146285 0.000759848 0.000301162 -0.0101098  0.0124723  -0.016155  0.0666272 -0.0813217   -9.80844 
              25.592 -0.939319 -0.126817  -5.09855  1.27194 -1.85874 0.161242 -0.0384526 -0.0608253   0.084684 -0.00155378 -0.00163656 0.000614539 0.0273854 0.0310675 0.0193408 -0.00146198 0.000755921 0.000300141 -0.00965583   0.0125257  -0.0160245   0.066636 -0.0819838   -9.80843 
              25.688 -0.944288 -0.129996  -5.09762  1.26497 -1.85838 0.160817 -0.0384816 -0.0586433  0.0847128 -0.00155752 -0.00163694 0.000614998  -0.148835  0.0362569 0.00662029 -0.00145523 0.000754847 0.000298386 -0.00919365   0.0125976  -0.0158724 0.0666731 -0.082662  -9.80843 
              25.788   -1.00863 -0.0605297   -4.45854  1.24289 -1.85708 0.159929 -0.0385795 -0.0570002  0.0844657 -0.00156791 -0.00163122  0.00061391 -0.214951 0.0486107 0.0189846 -0.00138342 0.000723062 0.000401179 -0.00885612   0.0126711  -0.0157914  0.0667315 -0.0831636   -9.80842 
              25.908  -1.23914 -0.205177  -3.44555  1.25873  -1.8583 0.165975 -0.0410283 -0.0558254  0.0822088  -0.0016022 -0.00164428 0.000607135  0.525032 0.0138753 0.0203037 -0.00111322  0.00097084 0.000399683 -0.00861325   0.0132723  -0.0161327  0.0675914 -0.0835361   -9.80841 
              25.996  -1.33428 -0.186679     -3.02   1.2994 -1.86417 0.168661  -0.041603 -0.0512988  0.0828774 -0.00163394  -0.0016296 0.000603496   0.515135 0.00610745  0.0198778 -0.00107242 0.000970983  0.00028576 -0.00761586   0.0135861  -0.0162499  0.0679262 -0.0849655    -9.8084 
              26.096   -1.3507 -0.164876   -3.0304  1.34845  -1.8664 0.169769 -0.0417625 -0.0493938  0.0857193 -0.00163634 -0.00162969  0.00060276  0.515009 0.0132817 0.0199808 -0.00107443 0.000972982 0.000289255 -0.00715153   0.0137003  -0.0161868  0.0680513 -0.0856098   -9.80839 
              26.208  -1.36598 -0.100415  -3.07306  1.40208 -1.86934 0.170228 -0.0417448 -0.0466289  0.0914422 -0.00162901 -0.00163803 0.000601909  0.513319 0.0182882 0.0190964  -0.0010618 0.000928697  0.00032079 -0.00641176   0.0138183  -0.0160581  0.0681758 -0.0866066   -9.80838 
              26.312  -1.43061 -0.101557  -3.04454   1.4524 -1.87212  0.16364 -0.0420441 -0.0461597  0.0967829 -0.00161661 -0.00164444 0.000602609  0.513401 0.0209031 0.0070586 -0.00101708 0.000931335 0.000306659 -0.00558229   0.0139409    -0.01541   0.068305 -0.0874286   -9.80837 
              26.408  -1.14097 -0.286969  -3.09395  1.49953 -1.87247 0.162944 -0.0419506 -0.0452164  0.0986751 -0.00161227 -0.00165003 0.000608324  0.510117 0.0234246 0.0252471 -0.00120871  0.00105558 0.000348669 -0.00522286   0.0139664  -0.0152632  0.0683326 -0.0878724   -9.80837 
              26.508  -1.16077 -0.243372  -3.11537  1.55366 -1.87524 0.168466 -0.0456497 -0.0427792   0.102586 -0.00159902 -0.00164448 0.000613642  0.522068 0.0231341 0.0222911 -0.00119157  0.00102418 0.000366405 -0.00535504   0.0147808  -0.0156546  0.0696586 -0.0879358   -9.80836 
               26.62  -1.01185 -0.329703  -3.10841  1.61134 -1.87663 0.164918 -0.0466248 -0.0428032   0.103377 -0.00159737 -0.00164998 0.000617528  0.523333 0.0209242   0.02724 -0.00128849  0.00108249 0.000368955 -0.00493508   0.0150045  -0.0151811  0.0699906 -0.0883167   -9.80835 
              26.724  -0.96681 -0.411207   -3.0818  1.65868 -1.87871 0.167036 -0.0452612 -0.0387861   0.104373 -0.00159959 -0.00165292 0.000622043  0.507109 0.0195322 0.0367351 -0.00131764  0.00113895  0.00035807 -0.00410308   0.0148577  -0.0152388  0.0697777 -0.0895773   -9.80834 
              26.824  -1.01229 -0.423695  -3.06642  1.70735 -1.88021   0.1685 -0.0457988  -0.036912   0.104443 -0.00160178 -0.00165449 0.000620834  0.503494 0.0200667 0.0244455 -0.00128345  0.00114713 0.000354538 -0.00371892   0.0150259  -0.0152007  0.0700531 -0.0901381   -9.80834 
              26.928 -0.866568 -0.500891  -3.09506  1.76217 -1.88272 0.168063  -0.048612 -0.0368466   0.103856 -0.00160271 -0.00165952 0.000621213  0.509643 0.0136321 0.0147992 -0.00137808  0.00119852 0.000382138 -0.00368501   0.0155967   -0.014966 0.0709574 -0.090128  -9.80833 
              27.036 -0.897462 -0.519381  -3.05783  1.81189 -1.88569 0.167879   -0.04805 -0.0337587   0.103417 -0.00160932 -0.00165838 0.000618674  0.496943 0.0110029 0.0140018 -0.00135402   0.0012109  0.00036413 -0.00295424   0.0155799  -0.0148545  0.0709405 -0.0911762   -9.80832 
              27.152  -1.08311 -0.365898  -3.05157  1.86699 -1.89029 0.168964 -0.0492293 -0.0308842   0.102622 -0.00161584 -0.00165984  0.00060897   0.495122 0.00998477   0.015232 -0.00122442  0.00110517 0.000365967 -0.00236006   0.0159234  -0.0148285  0.0714793 -0.0920329   -9.80831 
              27.252  -1.11348 -0.284836  -3.08821   1.9163 -1.89527 0.162142 -0.0510395 -0.0293979   0.101962 -0.00161725  -0.0016613 0.000605015   0.500946 0.00390663 -0.0154741 -0.00120096  0.00104923  0.00039779 -0.00195885   0.0163501  -0.0142338   0.072155 -0.0925704    -9.8083 
              27.344 -0.892642 -0.472944  -3.13003  1.96417 -1.89988 0.167145 -0.0539031 -0.0285069   0.101227 -0.00161855 -0.00166527 0.000607003    0.503546 -0.00273764   0.0135858 -0.00134385   0.0011718 0.000434787 -0.00190087   0.0169972  -0.0145968 0.0731413 -0.092654  -9.80829 
              27.448 -0.954624 -0.533359  -3.12702   2.0161 -1.90345 0.175128 -0.0553368 -0.0272084    0.10069 -0.00162053 -0.00166767 0.000607576     0.500137 -0.000779805    0.0390575 -0.00130027  0.00121099 0.000439872 -0.00168408    0.017375  -0.0150988 0.0736932 -0.092952  -9.80828 
              27.548 -1.07037 -0.53738 -3.13004  2.07021 -1.90754 0.182772 -0.0588132 -0.0272955   0.100153 -0.00162084 -0.00167346 0.000603688     0.50929 -0.00085571   0.0267017 -0.0012204 0.00121089 0.00044902 -0.00182663   0.0181229  -0.0153552   0.074833 -0.0927382   -9.80828 
              27.644  -1.12355 -0.670693  -3.11145  2.11402 -1.90965 0.189218 -0.0577561 -0.0249527   0.100035  -0.0016249 -0.00167183 0.000605836   0.492967 0.00560117  0.0514558 -0.00118407  0.00129957 0.000444927 -0.00127652   0.0180026  -0.0155339  0.0746233 -0.0935226   -9.80827 
              27.752  -1.41715 -0.500707  -3.05223  2.16522 -1.91092 0.193033 -0.0578368 -0.0233573  0.0999641 -0.00162862 -0.00167075 0.000601247  0.490479 0.0185584 0.0505402 -0.000993818   0.00119009  0.000410847 -0.000939143    0.0180683   -0.0154249  0.0747286 -0.0940182   -9.80826 
              27.856  -1.46126 -0.484913  -3.06047  2.21834 -1.91248 0.199053 -0.0602345 -0.0229702  0.0996801 -0.00162989 -0.00167504 0.000600939  0.496864 0.0261377 0.0663237 -0.000963394   0.00117825  0.000422914 -0.000903112    0.0185697   -0.0154717   0.075509 -0.0940519   -9.80826 
              27.956  -1.45714 -0.453104  -3.09006  2.26614 -1.91468 0.203828 -0.0612867 -0.0208442  0.0995244 -0.00163262 -0.00167648 0.000601449  0.494708 0.0291203 0.0644065 -0.000964914   0.00115623  0.000448117 -0.00049885   0.0188438  -0.0153152  0.0759448 -0.0946534   -9.80825 
              28.052 -1.57906 -0.31214 -3.08724  2.31087  -1.9167 0.200315 -0.0617504 -0.0180647   0.099489 -0.00163349 -0.00167515 0.000599838  0.495312 0.0339192  0.069805 -0.000883362   0.00106371  0.000449771 -2.72379e-05    0.0189656   -0.0146065  0.0762019 -0.0954253   -9.80824 
              28.156  -1.68758 -0.233147  -3.06097  2.35857 -1.91772 0.199714 -0.0618875 -0.0150839  0.0994222 -0.00163676  -0.0016738 0.000596567  0.493454 0.0423983 0.0555805 -0.000812934   0.00101274  0.000437706 0.000521701   0.0190413  -0.0142015  0.0763651 -0.0962824   -9.80823 
              28.264  -1.49481 -0.361851  -3.09373  2.40452 -1.91839  0.20116 -0.0640541 -0.0134662  0.0991508 -0.00163888 -0.00167761 0.000602367  0.305248  0.038783 0.0417245 -0.00093662  0.00109532 0.000467743 0.000774678   0.0195085  -0.0139986  0.077116 -0.096671  -9.80822 
              28.372 -1.45624 -0.42447 -2.55879  2.43249  -1.9236 0.202514 -0.0678274  -0.011161  0.0977082 -0.00166364 -0.00169374 0.000608902   0.233813  0.0502178 -0.0306716 -0.00107978   0.0010657 0.000509809 0.00110219  0.0203513 -0.0138828  0.0784305 -0.0971753   -9.80821 
              28.476  -1.45309 -0.454742   -1.8306  2.45951 -1.92669 0.194894  -0.0718739 -0.00967927   0.0938403  -0.0016966 -0.00172714 0.000609303   0.238944  0.0406963 -0.0510498 -0.00104307  0.00112067 0.000508243 0.00106573  0.0212408 -0.0136613  0.0798216 -0.0972583   -9.80819 
              28.588  -1.39266 -0.475444  -1.28854  2.48616 -1.93025 0.196215  -0.0741439 -0.00746841   0.0886178 -0.00173017 -0.00173226  0.00061486   0.247216   0.049015 -0.0189355 -0.000996395   0.00118621   0.00053134 0.00158891  0.0220707 -0.0139745  0.0809106 -0.0979287   -9.80818 
              28.692  -1.37169 -0.500613  -0.78292  2.51036 -1.93178 0.194266  -0.0755301 -0.00538163   0.0847104 -0.00174953 -0.00173303 0.000617274   0.236789  0.0514482 -0.0186017 -0.000938382   0.00133444   0.00053762 0.00207909  0.0226805 -0.0141222  0.0817076 -0.0985713   -9.80816 
              28.804   -1.4394 -0.350616 -0.252964  2.53996 -1.93047 0.190749  -0.077557 -0.0038492  0.0824177 -0.00175868 -0.00173766 0.000618265   0.287372  0.0974817 -0.0553137 -0.000887637   0.00128263  0.000503151 0.00217153  0.0233327 -0.0140408  0.0826286 -0.0987579   -9.80815 
              28.912  -1.29241 -0.252782  0.220748  2.57059  -1.9277 0.181501    -0.078907 -0.000926649    0.0802835 -0.00176576 -0.00173805 0.000620673   0.454024  0.0873288 -0.0319392   -0.001005  0.00127674 0.000528659 0.00263105    0.02389  -0.013847  0.0834642 -0.0994573   -9.80814 
              29.004  -1.27077 -0.335051  0.680107  2.61465 -1.92625 0.187701 -0.0790743 0.00107079  0.0785238  -0.0017723 -0.00173955 0.000621551   0.524403  0.0805277 -0.0198634 -0.00107816  0.00129122 0.000473075 0.00352379   0.024202 -0.0145223 0.0838969 -0.100439  -9.80813 
              29.112  -1.4071  -0.1846 0.710985  2.66589 -1.92276 0.186773 -0.0781635 0.00444731  0.0789339 -0.00176972 -0.00175225 0.000614241   0.517327  0.0841535 -0.0176308 -0.000979091    0.0011909  0.000438051 0.00431319  0.0242383 -0.0145956 0.0840587 -0.101607  -9.80811 
              29.216  -1.35047 -0.116027  0.694961  2.71621 -1.92138 0.184957 -0.0787311  0.0080294  0.0818908  -0.0017548 -0.00176348 0.000610398   0.513474  0.0764103 -0.0166482 -0.00103519  0.00115952 0.000437913  0.0050424  0.0245474 -0.0146152 0.0846912  -0.10263   -9.8081 
              29.304   -1.21974 -0.0312902   0.684997   2.7613 -1.91903 0.181896 -0.0799473 0.00959485   0.084096 -0.00174331 -0.00176492 0.000612102   0.520192  0.0725748 -0.0174933 -0.00114039   0.0011205 0.000435074  0.0053575  0.0248749 -0.0145101 0.0852766 -0.102993  -9.80809 
              29.412 -1.12843 0.153534 0.646897  2.81197 -1.91654 0.179352 -0.0826314  0.0110544  0.0866223 -0.00172853 -0.00176277 0.000618507    0.356402   0.0735999 -0.00620133 -0.00119818 0.000998098 0.000449947 0.00560291  0.0254841 -0.0143986 0.0862885 -0.103147  -9.80808 
              29.524 -1.09981 0.131588  1.16308  2.84885 -1.91108 0.180031 -0.0845191  0.0122866  0.0873753 -0.00173213 -0.00176912 0.000618335  0.318429 0.0926477 0.0258817 -0.00128015 0.000975437 0.000481205 0.00577805   0.025896 -0.0144031 0.0869954 -0.103277  -9.80807 
              29.636 -0.884655 -0.197799   1.83326  2.87879 -1.90897 0.183479 -0.0845519  0.0152844  0.0868792 -0.00174388 -0.00176133  0.00062853    0.29781  0.0521941 0.00229169 -0.00141382  0.00119029 0.000462951 0.00638657  0.0259782 -0.0144635 0.0873486 -0.104169  -9.80806 
              29.736 -0.964876 -0.163764   2.31765  2.89663 -1.90928 0.188052 -0.0812056  0.0207682  0.0865111 -0.00175638  -0.0017302 0.000640823  0.262716 0.0468953 0.0266251  -0.0012114  0.00128013 0.000471388 0.00760182  0.0254554 -0.0145796 0.0870026 -0.106217  -9.80804 
              29.848   -1.19388 -0.0486915    2.88548  2.92307 -1.91037 0.190677 -0.0820254  0.0243172  0.0840424 -0.00177559 -0.00172402 0.000633062    0.266573   0.0529393 -0.00533366 -0.00104802  0.00122363 0.000410264 0.00828202  0.0256498 -0.0145444 0.0876251 -0.107175  -9.80802 
              29.948  -1.16517 0.0273004   3.47517  2.94594 -1.90771 0.184286 -0.0808928   0.026923  0.0833812 -0.00178285 -0.00171365 0.000630294    0.267045   0.0593066 -0.00558779 -0.000922064   0.00131451  0.000442565 0.00865276  0.0254664 -0.0140942 0.0875717 -0.107968  -9.80801 
               30.04 -1.11134  0.17548  4.17764  2.96919 -1.90577 0.179124 -0.0809373  0.0290201   0.082477 -0.00179101 -0.00170915 0.000629438    0.275946   0.0597972 -0.00631367 -0.000938775   0.00123903  0.000387831 0.00894344  0.0255359 -0.0137504 0.0878478 -0.108484  -9.80801 
              30.144 -0.893351 0.0451916    4.8249  2.99297 -1.89994 0.175127 -0.0781746  0.0304992  0.0826938  -0.0017911 -0.00169497 0.000629006   0.274997  0.0526642 0.00277238 -0.00105745  0.00135256 0.000374985 0.00925812  0.0249984 -0.0135002 0.0872219 -0.109295    -9.808 
              30.244 -0.854349  0.130555   5.63323  3.01862 -1.89689 0.172439 -0.077472 0.0321603 0.0824097 -0.00179641 -0.00168912 0.000629487   0.287383  0.0442726 0.00648008 -0.00105886  0.00129778 0.000324415 0.00955183   0.024911 -0.0132909  0.087263 -0.109845    -9.808 
              30.352 -0.817912  0.209083   6.46288  3.04989 -1.89159 0.172532 -0.0766575  0.0321745  0.0825076 -0.00179431 -0.00168654  0.00062888  0.310228 0.0382523 0.0199941 -0.00106565  0.00124398  0.00029156 0.00954189  0.0247384 -0.0132017 0.0870142  -0.10996    -9.808 
              30.452 -0.972106  0.218444   7.41902  3.08057 -1.88586 0.175897 -0.0753573  0.0317403  0.0825737 -0.00179024 -0.00168388  0.00063122   0.32723 0.0387815 0.0358252 -0.000970531   0.00123963  0.000286202 0.00948847  0.0244781 -0.0132613 0.0865873 -0.110057    -9.808 
              30.556 -1.02083 0.236334  8.57256  3.10745 -1.88154 0.185296 -0.0704621  0.0338108  0.0829739 -0.00178538 -0.00165842 0.000635836  0.326366 0.0475427 0.0541277 -0.000932998   0.00123025  0.000193947  0.0100109  0.0236562 -0.0136556 0.0856947 -0.111476  -9.80799 
              30.668 -1.27436 0.201029  9.79026  3.13821 -1.86916  0.19669 -0.0641264  0.0330569  0.0832731 -0.00176105  -0.0016379 0.000653432  0.327992 0.0801436 0.0705889 -0.000754883   0.00125571  0.000181843 0.00992961  0.0225342 -0.0140008 0.0839474 -0.112337    -9.808 
              30.772  -1.3689 0.234409  11.0952  3.16367 -1.86239 0.194578 -0.0593593  0.0363947  0.0841708 -0.00176124 -0.00160846 0.000655738  0.314517  0.113453 0.0735277 -0.000682034   0.00124302  0.000273461  0.0105202  0.0216113 -0.0134497 0.0832065 -0.114102  -9.80798 
              30.896  -1.05576 0.0468879   12.6424  3.20775 -1.83801 0.207447 -0.0587981  0.0313468  0.0832786 -0.00173395  -0.0016229 0.000643816   0.35341  0.162156 0.0763917 -0.000809084   0.00141837  0.000275507 0.00957611  0.0214739 -0.0136888 0.0821251 -0.112849  -9.80801 
              30.996   -1.24279 -0.0784555    14.8269  3.23342 -1.83051 0.211873 -0.0542856  0.0394547  0.0841511 -0.00176091 -0.00155922 0.000656461  0.377493  0.193111 0.0734831 -0.00065743  0.00154466 0.000436714  0.0111301  0.0206805 -0.0135292 0.0826083 -0.115915  -9.80797 
              31.096 -1.32312 0.312446  17.9294  3.27235 -1.81288 0.206112 -0.0538097  0.0416112  0.0845645 -0.00179052 -0.00153525 0.000655609  0.430117  0.239132 0.0263682 -0.00061242   0.0013341 0.000455046  0.0116094  0.0205663 -0.0127049  0.082939 -0.116664  -9.80796 
              31.196 -1.16299 0.434209  22.4805  3.31536  -1.7903 0.204192 -0.0568247  0.0426248  0.0859825 -0.00187851 -0.00158373 0.000662826  0.408588   0.29623 0.0278182 -0.000719253   0.00128754   0.00051895  0.0118283  0.0211768 -0.0124364 0.0839236 -0.116236  -9.80795 
              31.308 -1.19907 0.259983  25.4683  3.35653 -1.75695 0.214585 -0.0520961  0.0455325  0.0843594 -0.00185157 -0.00148968 0.000667125  0.369015  0.276796 0.0306322 -0.000784186   0.00147366  0.000577351  0.0123844  0.0201995 -0.0129388 0.0834572 -0.118132  -9.80793 
              31.404 -1.37284 0.592267  29.9871   3.3851 -1.73571 0.216482 -0.046465 0.0534691  0.083231 -0.00188418 -0.00132419 0.000644514  0.382756  0.296161 0.0280713 -0.000536982   0.00128119  0.000428738  0.0141603  0.0193081 -0.0128436 0.0844775 -0.121482  -9.80788 
              31.516 -1.20815 0.725783  33.3933  3.42865 -1.70458 0.213679 -0.0467378  0.0579564  0.0837052 -0.00191072   -0.001275 0.000646017 0.391585 0.344768  0.02409 -0.00053086  0.00125035 0.000422804  0.0151651  0.0196053 -0.0125006 0.0859586 -0.122333  -9.80786 
              31.628 -1.15039 0.895015  37.1921  3.46725 -1.67236 0.210966 -0.0431781  0.0647532  0.0830274  -0.0018908 -0.00121425 0.000646834  0.366767  0.361411 0.0163533 -0.000470926   0.00121451  0.000633592 0.0167523 0.0192275 -0.012137 0.0874886 -0.124716  -9.80782 
              31.732 -1.02887  1.07494  41.6087  3.50473 -1.63468 0.207058 -0.039382 0.0684351   0.08213 -0.00186729 -0.00118286 0.000646847    0.421884    0.411042 -0.00456493 -0.000392736    0.0010671  0.000438338  0.0176689  0.0186958 -0.0118116 0.0880851 -0.126522  -9.80779 
              31.836 -1.05968 0.774158   44.164  3.53658 -1.59918  0.19903 -0.0254739  0.0741692  0.0792496 -0.00180508 -0.00123901 0.000653906    0.396817    0.402292 -0.00665167 -0.000316371   0.00132111 -7.91331e-05  0.0191672  0.0163023 -0.0113287 0.0877529 -0.131727  -9.80772 
               31.94 -1.00294  1.00351  44.1757  3.57045 -1.56229 0.190752 -0.0151159  0.0780464   0.077627 -0.00178043 -0.00139292 0.000653163    0.38931   0.403483 -0.0333148 -0.000418892   0.00122984  -7.5973e-05  0.0202302  0.0145712 -0.0108963 0.0875379  -0.13551  -9.80767 
              32.036 -0.851183  0.971181   44.1498  3.59801 -1.52657 0.194963 -0.00244484    0.080784    0.076287 -0.00186854 -0.00161868 0.000661015   0.371967   0.403113 -0.0212042 -0.000622182   0.00134682 -5.64847e-05  0.0207446  0.0120304 -0.0113769 0.0862591 -0.139913  -9.80762 
              32.144 -0.984518  0.865456   44.1455    3.632 -1.48753 0.197361 0.00563971  0.0850592  0.0759337 -0.00187354 -0.00177618 0.000667972  0.360991  0.400432 -0.014792 -0.000654554   0.00151607 -5.51631e-05  0.0216089  0.0104774 -0.0115979 0.0863292  -0.14314  -9.80758 
              32.248 -1.21002 0.456574   44.158  3.65152    -1.45 0.204673 0.0275733 0.0870827 0.0757917 -0.00199377  -0.0020305 0.000714058    0.3113  0.390972 0.0285084 -0.000617117   0.00185622 -5.30358e-05  0.0220373 0.00618608  -0.012182 0.0835912 -0.150298  -9.80749 
              32.348 -1.18771 0.986534  44.1784  3.67433 -1.41517 0.203748 0.0395059 0.0904893 0.0759109 -0.00203427 -0.00214235 0.000705211  0.299233  0.392349 0.0247681 -0.000745811   0.00162885  -7.4224e-05  0.0228371 0.00398625 -0.0119935 0.0829959 -0.154554  -9.80743 
              32.452 -1.12513 0.879364  44.1158  3.69103 -1.38184 0.197535 0.0580011   0.09497 0.0765473 -0.00209566 -0.00224489  0.00069722    0.269421    0.384297 -0.00293535 -0.000881409   0.00177829  -3.0635e-05   0.0238513 0.000588076  -0.0115363 0.0817959 -0.160982  -9.80734 
               32.54 -0.969021   1.16763   44.0731  3.69779 -1.35667 0.187459  0.080494 0.0996147 0.0775797 -0.00215511 -0.00230066 0.000665903 0.240295 0.369147 -0.01137   -0.0011055    0.0017068 -1.08813e-05  0.0248691 -0.0035808 -0.0109422 0.0800325 -0.168669  -9.80722 
              32.648 -0.87231  1.17132  43.9667  3.72038  -1.3218 0.175535 0.0858006  0.103482 0.0777033 -0.00218181 -0.00231519 0.000663587   0.244175   0.364702 -0.0241727  -0.0012165   0.0017472 6.49521e-05   0.0256695 -0.00451142  -0.0103704  0.080522 -0.170939  -9.80718 
              32.756 -0.763003   1.36275   43.8892  3.74273 -1.28803 0.165594 0.0865165  0.108971 0.0775065 -0.00220788 -0.00232395 0.000664787   0.191361   0.371483 -0.0387346 -0.00140077  0.00173811  0.00010758   0.0267687 -0.00455247 -0.00998796  0.082187 -0.172046  -9.80715 
              32.868 -0.652265   1.41146   46.3166  3.77667 -1.25566 0.154958 0.0754748  0.121547 0.0754186 -0.00247427 -0.00237267 0.000666899    0.21953   0.375647 -0.0524381 -0.00154558  0.00161682 0.000691748   0.0291913 -0.00214353 -0.00953265 0.0878551  -0.17055  -9.80712 
              32.976 -0.474856   1.42924   50.4789  3.80046 -1.22394 0.145969 0.0773111   0.13049 0.0737902 -0.00265917 -0.00223822  0.00067269   0.225931   0.376635 -0.0621026 -0.00164299  0.00151866  0.00084643   0.0309508 -0.00238299 -0.00929589 0.0904143 -0.172554  -9.80707 
              33.072 -0.0586481    1.45439    55.0288   3.8185 -1.18848 0.143047 0.0820095  0.130628 0.0736207 -0.00258651  -0.0021491 0.000672244   0.226531   0.391193 -0.0630551 -0.00191213  0.00139062  0.00087081   0.0310182 -0.00333253 -0.00943528   0.08977 -0.174089  -9.80704 
              33.192 0.114214   1.7344  59.6699  3.84291 -1.13589 0.130746 0.0859565   0.12529 0.0744488 -0.00241847 -0.00218857  0.00067283   0.235796   0.423635 -0.0615639  -0.0019788  0.00113039 0.000698383   0.0298832 -0.00410652 -0.00909908 0.0874429 -0.174428  -9.80706 
              33.292 0.180872  1.15062  64.9366  3.86262 -1.09654   0.1132 0.0900577  0.125275 0.0744006 -0.00236424 -0.00214475 0.000675863  0.236112  0.413249 -0.055734 -0.00195268  0.00140218   0.0011215   0.0297804 -0.00478623 -0.00847948 0.0868234 -0.175578  -9.80704 
              33.392 0.422085  1.45226    70.45  3.87509 -1.05656 0.117152  0.101036  0.123537 0.0732052 -0.00221455 -0.00204759 0.000685437   0.222765    0.39924 -0.0552916 -0.0020499 0.00115202 0.00102586   0.0295491 -0.00710452 -0.00909274   0.08478 -0.179066    -9.807 
              33.484 0.283232  1.14295  75.9922  3.88612 -1.01419 0.116984 0.106582  0.11433  0.07339 -0.00211105 -0.00214037 0.000698754   0.183722   0.387816 -0.0412352 -0.00197433  0.00120588 0.000985824   0.0277411 -0.00830755 -0.00935462 0.0810236 -0.179684  -9.80702 
                33.6 0.672918  0.86551    81.07  3.90264 -0.96954  0.11235  0.108431  0.109956 0.0736555 -0.00208478 -0.00218645 0.000696824   0.140821   0.324783 -0.0550464 -0.00221418  0.00127134 0.000881443   0.0268708  -0.0087064 -0.00941249 0.0793366 -0.179724  -9.80703 
              33.708 0.730527 0.779742  86.1073  3.90934 -0.94978 0.114644  0.106224  0.105529 0.0742584 -0.00214583 -0.00220321 0.000696735  0.0122734  0.0198809 -0.0339639 -0.00217676  0.00122858 0.000984105   0.0260702 -0.00837221 -0.00973618 0.0781548 -0.178581  -9.80706 
               33.82 1.64199 0.44599 88.4383   3.91229 -0.946211  0.123976  0.109302  0.102624 0.0756872 -0.00218872 -0.00220077 0.000688102  0.0612723 0.00771002 -0.0164721 -0.00272167  0.00141803 0.000415014   0.0257073 -0.00920064  -0.0103266 0.0769544  -0.17956  -9.80705 
               33.92  1.63674 0.329401  88.5167   3.91156 -0.945717  0.122051  0.113648 0.0990758 0.0790434 -0.00230027 -0.00218938 0.000683033   0.0748257 -0.00690395   -0.015024 -0.00271026  0.00148744 0.000359707  0.0250413 -0.0100582 -0.0103623 0.0753489 -0.180662  -9.80705 
              34.028  1.50277 0.295811  88.5347   3.91292 -0.913838   0.12397  0.117301 0.0958426 0.0823943 -0.00242623 -0.00216316 0.000686695  0.0964632   0.482922 0.00828711 -0.00262201  0.00150587 0.000345184  0.0245004 -0.0108306 -0.0105008  0.073984 -0.181673  -9.80704 
              34.136  2.04524 0.437971  88.5505  3.91522  -0.8626 0.124697  0.123927 0.0923146  0.084162  -0.0025716 -0.00217332 0.000681914    0.122064    0.472484 -0.00756115 -0.00292785  0.00136831 0.000340543  0.0238312 -0.0121322 -0.0105763 0.0722032 -0.183598  -9.80702 
               34.24   1.9658 0.336712  88.4749   3.91592 -0.817135  0.116154  0.129789  0.087957 0.0827202 -0.00270058    -0.00217 0.000685908   0.131397   0.447225 -0.0143476 -0.00295887  0.00150786  0.00038907  0.0227773 -0.0130845 -0.0102606 0.0701178 -0.184932  -9.80701 
              34.352  2.30885 0.282186  88.4286  3.92453 -0.76615 0.115259  0.133222 0.0828422 0.0798322 -0.00277363 -0.00213994 0.000686462   0.170545     0.4309 0.00377767 -0.00324035  0.00161423 0.000418103  0.0217168 -0.0137223 -0.0102839   0.06807 -0.185575  -9.80701 
              34.468 2.51205 0.43419 88.4728   3.93612 -0.715708  0.115974  0.137519 0.0790222 0.0757985 -0.00280098 -0.00214173 0.000707292   0.204531   0.420341 0.00624877 -0.00341325   0.0015704 0.000401441  0.0209537  -0.014563 -0.0103749 0.0664198 -0.186682    -9.807 
              34.568  1.30275 0.132023  88.3979   3.94001 -0.674272  0.100686  0.135662 0.0719435 0.0733288 -0.00275932   -0.002077 0.000720883   0.162378   0.398125 -0.0425913 -0.00273752  0.00182139 0.000447222  0.0195614 -0.0138681 -0.0096759 0.0643039 -0.185048  -9.80704 
              34.668  1.66834 0.466916  88.5251   3.94342 -0.624809  0.108887  0.138863  0.062885 0.0680088 -0.00267926 -0.00211561 0.000732522  0.174372  0.412652 0.0089173 -0.00300131  0.00165681 0.000381597   0.017826 -0.0146112 -0.0100898 0.0609892 -0.185347  -9.80706 
              34.784  2.00797 0.678394  88.5769   3.95616 -0.566732  0.116029   0.13983 0.0544494 0.0652139 -0.00260393 -0.00215147 0.000733614   0.198295   0.432176 0.00516785 -0.00324865  0.00156847 0.000360697  0.0162227 -0.0148903 -0.0103713 0.0580835 -0.184904  -9.80709 
              34.892  2.05819 0.833986  88.7631   3.96314 -0.515482  0.121983  0.144383 0.0471106 0.0641638  -0.0025305 -0.00217031 0.000727958  0.203389  0.440579 0.0120775 -0.00337347  0.00155839 0.000249153  0.0147511 -0.0158301 -0.0105838 0.0551684 -0.185705  -9.80709 
              35.008 2.06534 1.09104 88.7318   3.95956 -0.458064  0.127778  0.151808 0.0350311  0.064545 -0.00243946 -0.00217522 0.000724605  0.180793  0.458068 0.0180881 -0.00346125  0.00148045 0.000275306  0.0123604 -0.0173055 -0.0107256 0.0504058 -0.186945  -9.80709 
              35.116  1.5628 1.34197 88.7591   3.94014 -0.401135  0.120148  0.157444 0.0172315 0.0664844 -0.00234896 -0.00216175  0.00076282   0.107527   0.479096 0.00970926 -0.00324119  0.00140988 0.000260874 0.00902842 -0.0183098 -0.0102563 0.0440368  -0.18694  -9.80712 
              35.224 1.74552 1.23755 88.7638   3.93179 -0.342472  0.115833    0.16047 0.00438338  0.0676365 -0.00230169 -0.00215939 0.000758973   0.0915474    0.492776 -0.00652685 -0.00345283  0.00156836  0.00025028 0.00658198 -0.0188815 -0.0100005 0.0394848  -0.18662  -9.80715 
              35.332 1.95721 1.04048 88.7369   3.92635 -0.286786  0.109054     0.16332 -0.00391507   0.0684919 -0.00228117 -0.00215051 0.000735387  0.0868426   0.494385 -0.0285786 -0.00363539  0.00173754 0.000266389  0.00499327  -0.0194212 -0.00975491 0.0364563 -0.186714  -9.80716 
              35.432    2.075 0.883967  88.7993    3.9341 -0.235576  0.101185     0.16247 -0.00872549   0.0683867 -0.00226781 -0.00215801 0.000728926   0.119307   0.488436 -0.0360504 -0.00381838  0.00193824 0.000218615  0.00411703  -0.0192459 -0.00943702 0.0349598 -0.185945  -9.80718 
              35.552  1.88122 0.681862  88.7442   3.93936 -0.176893 0.0944924   0.163101 -0.0125575  0.0684416 -0.00226629 -0.00215637 0.000727662   0.131105   0.476176 -0.0220996 -0.00375653  0.00211598 0.000252765  0.00338865  -0.0193752 -0.00924272 0.0336233 -0.185777  -9.80718 
               35.66  1.82863 0.626405  88.8906   3.94517 -0.121625 0.0911184   0.163612 -0.0170355  0.0683612 -0.00226265 -0.00215617 0.000726899   0.139914   0.475684 -0.0220971 -0.00378711  0.00220815 0.000168997  0.00247873  -0.0194977 -0.00919699 0.0320358 -0.185493  -9.80719 
               35.76    1.877 0.583553  88.9682    3.94513 -0.0719282  0.0884809   0.166582 -0.0217038  0.0682296  -0.0022617 -0.00214722 0.000728382   0.136856   0.471415 -0.0209227  -0.0038966  0.00230976 0.000123647  0.00151878  -0.0201005 -0.00919148 0.0301564 -0.186019  -9.80719 
              35.856  1.99013 0.557377  88.9231    3.94868 -0.0241236  0.0881649   0.168967 -0.0255255   0.068081 -0.00226182 -0.00213724 0.000728293   0.146517   0.468113 -0.0115986 -0.00403887  0.00239812 0.000150372 0.000722877  -0.0205833 -0.00928951 0.0286188 -0.186426  -9.80719 
               35.96  1.74782 0.485869  88.7443   3.94654 0.0264957 0.0849066   0.171783 -0.0303222  0.0677502 -0.00226445 -0.00212766 0.000737094    0.12789   0.460858 -0.0111688 -0.00397409  0.00252439 0.000258132 -0.000255702   -0.0211515  -0.00923455 0.0267185 -0.186885  -9.80718 
              36.076 2.32546 0.48789 88.8213   3.94876 0.0851746 0.0881442   0.176372 -0.0370154  0.0674183 -0.00225851 -0.00210804 0.000725074   0.141718   0.464269 -0.0339807 -0.00441596  0.00260744 0.000208841 -0.00165555  -0.0220483 -0.00943925 0.0239945 -0.187708  -9.80717 
              36.176  2.48839 0.416438  88.9171    3.9432  0.135426 0.0859889   0.181318 -0.0442431   0.067096 -0.00224404 -0.00209444 0.000714923   0.134458   0.458601 -0.0151123 -0.00461123  0.00273817 0.000149993   -0.003139  -0.0229964 -0.00944513 0.0210767 -0.188587  -9.80716 
              36.284  2.41115 0.721193  88.9997   3.94669  0.190745 0.0988343   0.184841 -0.0476649  0.0671366 -0.00223847 -0.00207724 0.000723001    0.14099    0.47099 0.00348613 -0.00463557  0.00261799 0.000108953 -0.00382837  -0.0236677  -0.0101136 0.0196283 -0.189387  -9.80715 
              36.392 2.35518 0.83419 89.0514  3.95386 0.244065 0.100021  0.187128 -0.050893 0.0671112  -0.0022315 -0.00207095 0.000729761    0.15779   0.471876 0.00520584 -0.00470908  0.00264974 7.69109e-05 -0.00449451  -0.0241357   -0.010138 0.0183082  -0.18983  -9.80715 
              36.496  2.49366 0.842668  89.0672  3.96076 0.294307 0.100194   0.190847 -0.0541974  0.0671367 -0.00222701 -0.00206162 0.000732516   0.171747   0.470824 -0.0121383 -0.00486056  0.00271073  6.9743e-05 -0.00517847  -0.0248832  -0.0101002 0.0168297 -0.190747  -9.80713 
              36.596  2.51893 0.735143  88.9148   3.96711  0.342581 0.0993457   0.194825 -0.0577984  0.0671898 -0.00222724 -0.00205022 0.000735013   0.184269   0.464589 -0.0063553 -0.00494888  0.00284937 0.000159486 -0.0059261 -0.0256772 -0.0100542 0.0152247 -0.191715  -9.80711 
              36.712   2.3461 0.735749  89.0732  3.97335 0.412535 0.103735   0.198423 -0.0643367  0.0671712 -0.00221418 -0.00203784 0.000743476  0.186181  0.663209 0.0162595  -0.0049078  0.00290746 6.49039e-05 -0.00726816  -0.0264101  -0.0102205 0.0126586  -0.19225  -9.80711 
              36.824 2.44366 0.69114 88.6175  3.96776 0.489204 0.113588   0.206723 -0.0715825  0.0653986 -0.00222926 -0.00201198 0.000745017  0.161512  0.665861 0.0233194 -0.00486638  0.00294855  5.8313e-05 -0.00877212  -0.0280711  -0.0105312 0.00941616  -0.194295   -9.80707 
               36.92  2.61516 0.482111  88.2834  3.96153 0.555481  0.12497   0.213327 -0.0797194  0.0613457 -0.00223881 -0.00198716 0.000737461  0.144824  0.654322 0.0351028 -0.00497091  0.00307811 0.000122948 -0.0104764 -0.0293554 -0.0108755 0.00601735  -0.195625   -9.80705 
              37.024  2.98738 0.613511   88.149  3.96466 0.629428 0.127138    0.21723 -0.0860502  0.0583958 -0.00224014 -0.00197024 0.000715056  0.165759  0.660453 0.0344603 -0.00518236   0.0029977 8.16457e-05 -0.0117712 -0.0301102  -0.010833 0.00350394  -0.196254   -9.80704 
              37.128  3.53683 0.970618  88.0708  3.96373 0.705489 0.131697   0.223118 -0.0941927   0.054891 -0.00222878  -0.0019512 0.000696092  0.182806  0.676368 0.0368755   -0.0055005   0.00277881 -9.65284e-06 -0.0134784 -0.0312286 -0.0109183 0.000166132   -0.197317    -9.80702 
              37.232  4.01888 0.828776  87.6996  3.96632 0.777389 0.147555  0.227792 -0.101754 0.0526117 -0.00222127 -0.00192956 0.000675026  0.210628  0.666438 0.0499183 -0.00578565  0.00287003 4.13144e-05 -0.0151356  -0.032129  -0.011392 -0.00292224    -0.19802      -9.807 
              37.328  3.96214 0.295957  87.0588  3.97381 0.841955 0.168185  0.228217 -0.108476  0.051807 -0.00221531 -0.00191662 0.000682329  0.232904  0.640908 0.0674607 -0.00574099  0.00321051 0.000210769 -0.0166759 -0.0322152  -0.011995 -0.00539176   -0.197378    -9.80701 
              37.424    3.78894 -0.0547069    86.5571   3.9793 0.903677 0.191621  0.229542 -0.115394 0.0514884 -0.00220724  -0.0019036 0.000701082  0.239894  0.610545 0.0867928 -0.00562402  0.00343298 0.000291013 -0.0182863 -0.0324857 -0.0126355 -0.00803729   -0.197009    -9.80702 
              37.536   3.93363 -0.227968   86.0308   3.9921 0.935806 0.205445  0.230047 -0.121924 0.0513096 -0.00219848 -0.00189037  0.00070128  0.232034 -0.144484 0.0572443 -0.00568993  0.00354881 0.000366294  -0.01973 -0.032591 -0.012905 -0.0103987  -0.196431   -9.80703 
              37.644  4.01556 -0.19466  85.7776  4.00128 0.931747 0.210079  0.232158 -0.128813 0.0562283  -0.0021795 -0.00188263 0.000707983  0.251156 -0.145211 0.0764619 -0.00569904  0.00356427 0.000510747 -0.0211943 -0.0330514 -0.0128542 -0.0129955  -0.196399   -9.80703 
              37.748   3.78688 -0.184133   85.6588  4.00892 0.937171  0.21042   0.23495 -0.134959 0.0670671 -0.00215194 -0.00188265 0.000730002  0.300517 0.0710315 0.0966707 -0.00554652   0.0035501 0.000582191 -0.0225025 -0.0336534  -0.012654 -0.0154022  -0.196677   -9.80702 
              37.864   3.10403 -0.831835   85.0901   4.0119 0.965481 0.203678  0.237574 -0.140622  0.076991 -0.00214158 -0.00187734 0.000760517  0.222259  0.118341 0.0671941 -0.00507141  0.00387626  0.00056622 -0.0238884 -0.0342426 -0.0120967 -0.0178042  -0.196911   -9.80701 
              37.952   2.49861 -0.705915   84.1035  4.01773  0.98871 0.195419  0.238694 -0.142954 0.0778951 -0.00214941 -0.00186132 0.000777727  0.203496  0.124825 0.0696815 -0.00466607  0.00382505 0.000713988 -0.0245325 -0.0344628 -0.0115746 -0.0188583  -0.196969     -9.807 
              38.064   1.67743 -0.660735   83.4433  4.01763  1.01616 0.184978  0.241621 -0.144959 0.0774101 -0.00216335 -0.00183615 0.000813163  0.157806  0.126338 0.0459831 -0.00409019  0.00372837 0.000786853 -0.0252936 -0.0350584 -0.0108867 -0.0201581  -0.197626   -9.80699 
              38.164   1.68968 -0.331663   82.7398  4.01133  1.04213 0.175537    0.2466 -0.149106 0.0763734 -0.00217184  -0.0018139 0.000822138  0.124409  0.138011 0.0355348 -0.00402757  0.00348176 0.000740718 -0.0263929 -0.0360738 -0.0103221 -0.0222901  -0.198771   -9.80696 
              38.272   2.00888 -0.494276   81.8205  4.01004  1.06779 0.176745  0.249344 -0.155422 0.0748586 -0.00217698 -0.00179678 0.000804529  0.119954  0.126774 0.0351575  -0.0041732   0.0035701 0.000809452 -0.0276698 -0.0366578 -0.0101808 -0.024681 -0.199006  -9.80695 
              38.396     1.962 -0.281749   80.6372  4.00177  1.09641 0.172034  0.254243 -0.161384 0.0719945 -0.00219415 -0.00177039 0.000780325 0.0954595  0.121643 0.0297712 -0.00408842  0.00343155 0.000937745  -0.0290613  -0.0376671 -0.00983938 -0.0273447  -0.199931   -9.80692 
              38.504   2.18419 -0.186582   79.4505   3.9925  1.12484 0.175022  0.257545 -0.170173 0.0695855 -0.00219865  -0.0017447 0.000755902 0.0918247  0.121808  0.035441 -0.00415712  0.00335316 0.000865361  -0.0307886  -0.0383785 -0.00986527 -0.0305587  -0.200074   -9.80691 
              38.604   2.49265 -0.194538   78.1424  3.98766  1.14849 0.173968  0.260021 -0.176512 0.0681391 -0.00220433 -0.00172302 0.000733168   0.06157 0.0975986  0.036335 -0.00426339  0.00334446 0.000893505  -0.032138 -0.0389211 -0.0097564 -0.0329866   -0.20017    -9.8069 
                38.7   2.84067 -0.115458   77.0133  3.97656  1.16983 0.185262  0.263149 -0.185562 0.0668345 -0.00220704 -0.00169555 0.000709833 0.0528821 0.0860042 0.0447629 -0.00441545  0.00324003 0.000769213 -0.0337692 -0.0395918 -0.0101576 -0.0361079  -0.200235   -9.80689 
              38.804  3.02339 0.110583  75.7209  3.96777   1.1778 0.181074  0.263989 -0.192105 0.0664987 -0.00220852 -0.00167353 0.000702668 0.0452076 -0.136747 0.0477919 -0.00446909  0.00309959 0.000721798  -0.0352503  -0.0398153 -0.00999323 -0.0385018  -0.199703   -9.80689 
                38.9  3.37056 0.328449  75.1295  3.97679  1.20879 0.168386  0.263046 -0.197579 0.0672018 -0.00219196 -0.00169108 0.000699828  0.219383    0.3725 0.0169957 -0.00467263   0.0029246 0.000859207  -0.0366981  -0.0396926 -0.00962095 -0.0405147  -0.198638    -9.8069 
              39.012   3.3426 0.347053  75.1925  3.99383  1.26034 0.166127   0.26348 -0.202463 0.0670769 -0.00215502 -0.00171529 0.000705008    0.24722   0.372617 0.00571641 -0.00470101    0.002916 0.000919716  -0.0377863  -0.0398659 -0.00961387 -0.0422661  -0.198203   -9.80691 
               39.12  3.14236 0.464645  75.3397 4.01416 1.31244  0.1638  0.262556 -0.207558 0.0650547 -0.00211764 -0.00176516 0.000714086  0.274228  0.380856 0.0120216 -0.00464038  0.00290095 0.000839174  -0.0389545  -0.0397699 -0.00961128 -0.0439572   -0.19727   -9.80692 
              39.224  3.20228 0.392596  75.2886  4.03173   1.3621 0.171104  0.263549  -0.21441 0.0610535 -0.00206849 -0.00179739 0.000724742  0.290204  0.379125 0.0224109 -0.00475614  0.00302014 0.000871426  -0.0404387  -0.0400827 -0.00994241 -0.0463868  -0.196781   -9.80692 
              39.324  3.20707 0.563201  75.2424  4.0391 1.38586 0.17427   0.26569 -0.219883 0.0574225 -0.00203399 -0.00181406 0.000733495   0.16431 -0.045909 0.0490762 -0.00485576  0.00300733 0.000902386  -0.0416616  -0.0406004 -0.00991584 -0.0485348  -0.196815   -9.80691 
               39.42  3.31717 0.769599  76.1819  4.04748   1.3832 0.175849  0.266844 -0.226307 0.0574781 -0.00197984 -0.00186128 0.000740417  0.231677 -0.279127  0.050612 -0.00482932  0.00284657  0.00122829  -0.0430938  -0.0408404 -0.00988305 -0.0508581  -0.196317    -9.8069 
              39.528  3.49475 0.435132  78.5597  4.06332  1.36322 0.176969  0.268163 -0.233391 0.0612748 -0.00187919 -0.00195739 0.000732165  0.233675 -0.316726 0.0498592 -0.0049597 0.00285625 0.00130597  -0.0446652  -0.0411073 -0.00978844 -0.0534251  -0.195786    -9.8069 
              39.624  3.32101 0.075611  81.3205  4.07008  1.34637 0.184829  0.270732 -0.243683 0.0712082 -0.00172035 -0.00209465  0.00072614  0.206215 -0.335914  0.053424 -0.00488201  0.00290212  0.00136155 -0.0468015 -0.0415941 -0.0099805 -0.0570632  -0.195269   -9.80689 
              39.724   3.02329 -0.261283   82.8834  4.07017  1.32399 0.196612  0.276429 -0.254264 0.0851102 -0.00160166 -0.00216806 0.000736959   0.18532 -0.348851 0.0766352 -0.00471433  0.00301284  0.00125723 -0.0489114 -0.0426946 -0.0102526 -0.0610612  -0.195795   -9.80686 
              39.832   2.28135 -0.557228   83.7037   4.0735  1.29556 0.210384  0.279589 -0.262692  0.093169 -0.00159318  -0.0022156  0.00075927  0.160863 -0.375072 0.0722232 -0.00431571  0.00310638  0.00125956 -0.0505337 -0.0433388 -0.0105306 -0.0640459  -0.195838   -9.80684 
               39.94   1.86943 -0.847986   84.4384 4.07349 1.26788 0.22159  0.282409 -0.273394  0.100031  -0.0016174 -0.00222265 0.000768125   0.13672 -0.392024 0.0619822 -0.00407923  0.00324236  0.00126102 -0.0527415 -0.0439609 -0.0106173 -0.0678871  -0.195514   -9.80682 
              40.032 1.64588 -1.0346 84.9118   4.0686  1.24655 0.225397 0.285516 -0.28422 0.105052 -0.00166673 -0.00217979  0.00076673  0.113691 -0.403901 0.0742201 -0.00393201  0.00332187  0.00133692 -0.0552594 -0.0446585 -0.0103988 -0.0720938  -0.195222   -9.80679 
              40.136   1.6844 -1.19466  85.5402  4.06303  1.21793 0.226363 0.289032 -0.29407 0.108085  -0.0017126 -0.00213238 0.000753228 0.0810221 -0.409793   0.03289 -0.00391151  0.00343045   0.0012399 -0.0576859 -0.0454415 -0.0100607 -0.0761303  -0.195173   -9.80676 
              40.232 1.64662 -1.2493 86.0034  4.06244  1.19098 0.220762  0.288741 -0.301088  0.109008 -0.00172512 -0.00207104 0.000753397 0.0783965 -0.419824 0.0226251 -0.00393165  0.00341407  0.00126867  -0.0594792   -0.045451 -0.00968933 -0.0788131   -0.19421   -9.80676 
              40.344  1.97101 -1.14447  86.3211  4.07173  1.17385 0.213784  0.286341 -0.304742  0.109532 -0.00171887 -0.00202464 0.000768353  0.109813 -0.162395 0.0204998 -0.00402442  0.00338071  0.00132993  -0.0606058  -0.0450156 -0.00933381 -0.0801888  -0.192908   -9.80678 
              40.448  1.67913 -1.08142  86.3721  4.06968  1.17214 0.206889  0.284932 -0.310512  0.108074 -0.00172335 -0.00196413   0.0007781 0.0856758 -0.156726 0.0271806 -0.00385015      0.0033  0.00133842  -0.0621423  -0.0448326 -0.00903104 -0.0823563   -0.19177   -9.80678 
              40.552   1.59479 -0.915421   86.4243  4.06664  1.17703 0.198847  0.283208 -0.315669  0.106298  -0.0017224 -0.00191417 0.000792105 0.0619163  0.103716   0.01503 -0.00378317  0.00318837  0.00130864  -0.0635339  -0.0445735 -0.00874009 -0.0842701  -0.190597   -9.80679 
              40.652   1.67154 -0.794885   86.5212  4.06271  1.20382 0.192896 0.280559 -0.32081 0.104792   -0.001715 -0.00187768 0.000805068   0.0341247    0.135267 -0.00399822 -0.00379294  0.00317649  0.00131893  -0.0648513  -0.0441142 -0.00853082 -0.0860185   -0.18913    -9.8068 
              40.752  1.83435 -0.69852  87.2457 4.05602 1.23219 0.18389  0.278138 -0.326078  0.102707 -0.00169913 -0.00187703 0.000813943  0.0378262   0.110332 -0.0407267 -0.00383482  0.00318944  0.00124977  -0.0661537  -0.0436959 -0.00828843 -0.0877948  -0.187737   -9.80681 
              40.852   1.92693 -0.637895    87.855  4.04794  1.25868 0.172731  0.276897 -0.330468  0.100366 -0.00167977 -0.00188854 0.000817021 -0.00180389    0.171317  -0.0481344 -0.0038618   0.003137 0.00108217  -0.0672644  -0.0435075 -0.00809311 -0.0893722  -0.186835   -9.80681 
              40.952   2.17629 -0.490074   88.1978  4.04278  1.28446 0.166151  0.275552  -0.33406 0.0990713 -0.00166646 -0.00189518 0.000819535  0.0141412   0.138393 -0.0377532 -0.00397686  0.00313669  0.00107705  -0.0682506     -0.0433 -0.00808503 -0.090697 -0.185979  -9.80682 
               41.06   2.1389 -0.31548  88.6781  4.03862  1.31102 0.157995   0.2737 -0.33679 0.098788 -0.00165627 -0.00190703  0.00082256 0.000713202    0.167874  -0.0587842 -0.00397394   0.0030099 0.000979846  -0.0691184  -0.0429769 -0.00806506 -0.0917335  -0.185016   -9.80683 
              41.168     2.118 -0.190079   89.0893  4.03503  1.33679 0.154555  0.271778 -0.339262 0.0989209 -0.00164813 -0.00191196 0.000825205 -0.00426426    0.195751  -0.0517165 -0.00395428  0.00296425 0.000903496  -0.0700072  -0.0426539 -0.00824352  -0.09274 -0.184054  -9.80683 
               41.28   2.27039 -0.108155   89.3038  4.03608  1.36088 0.152558  0.270085  -0.34102 0.0991322 -0.00164228 -0.00191191 0.000825056  0.0421221   0.151327 -0.0411206 -0.00401954  0.00298553 0.000934578  -0.0706864  -0.0423682 -0.00841876 -0.0934695  -0.183258   -9.80684 
              41.384    2.32059 -0.0196757    89.6994  4.03793  1.38254 0.150499  0.268763 -0.342864 0.0993975 -0.00163705 -0.00191277 0.000824032  0.0602209   0.151637 -0.0367547 -0.00400287  0.00289274 0.000829277  -0.0713489  -0.0421598 -0.00856492 -0.094234 -0.182589  -9.80685 
              41.492  2.23826 0.137502  89.7144 4.04306 1.40521 0.14924  0.266657 -0.344596 0.0996447 -0.00163081 -0.00191019 0.000822991  0.0783022   0.153397 -0.0298703 -0.00392141  0.00278306 0.000835499  -0.0719894  -0.0417907 -0.00873593 -0.0948883  -0.181668   -9.80686 
              41.592  2.28783 0.222503   89.731   4.0458  1.42613 0.148588  0.266887 -0.347286  0.099884 -0.00163129 -0.00190242 0.000822618  0.0896714   0.161425 -0.0278369 -0.00393617   0.0027272   0.0008558  -0.0727441  -0.0418942 -0.00889021 -0.0960066  -0.181457   -9.80685 
              41.696  2.22347 0.416148  89.7545  4.04969  1.44794 0.143282   0.26788 -0.349801 0.0999094 -0.00163248 -0.00189605 0.000823932  0.0986973   0.173013 -0.0298541 -0.00388108  0.00259908 0.000885585  -0.0732387  -0.0421005 -0.00883941 -0.0969256  -0.181536   -9.80684 
              41.792  2.57244 0.573046  89.7969  4.05192    1.468 0.139361  0.271074 -0.353271 0.0999274 -0.00163664 -0.00188525 0.000817273    0.10905   0.177047 -0.0278858 -0.00407361   0.0024998 0.000900725  -0.0739452  -0.0427559 -0.00883259 -0.0983807  -0.182256   -9.80681 
              41.892   2.4458 0.588723  89.9571  4.05133   1.4934 0.138766  0.273129 -0.358479 0.0995909 -0.00162801 -0.00187421 0.000816249   0.094101   0.197944 -0.0240637 -0.00397727  0.00247783 0.000829366  -0.0751201  -0.0432155 -0.00899189  -0.10042 -0.182412  -9.80679 
              41.996 2.54583 0.51583 90.0456 4.05297  1.5183 0.13782  0.275553 -0.362654 0.0991448 -0.00162048 -0.00186457 0.000811888 0.0946095  0.203448  -0.02011 -0.00402748  0.00252592 0.000806731   -0.076021   -0.043737 -0.00909316 -0.102087 -0.182805  -9.80677 
              42.088  2.98518 0.294361  89.8151  4.05321  1.52989 0.149763  0.282652 -0.362379 0.0986701 -0.00162911 -0.00184699 0.000807284   0.107363   0.177186 -0.0243426 -0.00428397  0.00263697  0.00101484  -0.0763316  -0.0452621 -0.00971575 -0.102987 -0.185202  -9.80671 
              42.208  3.14066 0.356986  89.9832 4.05184 1.53352 0.15225  0.289779 -0.368615 0.0974136 -0.00161986 -0.00182543 0.000820849   0.121098 -0.0698157 -0.0277408 -0.00433393  0.00264982 0.000979624 -0.0777395 -0.0467921 -0.0100143 -0.105862 -0.186988  -9.80665 
              42.308 3.30227 0.77353 90.1986  4.06574  1.53138 0.134552  0.288419 -0.371125 0.0970805 -0.00161322  -0.0018365 0.000830157   0.163075 -0.0525177 -0.0681746  -0.0043223  0.00254913 0.000884655  -0.0781847  -0.0464528 -0.00927701 -0.106513 -0.186224  -9.80665 
              42.408 3.68754 0.80309 90.1962  4.06997  1.53365 0.136683  0.293715 -0.380176  0.100182 -0.00159863 -0.00181457 0.000813907   0.179301 -0.0340227 -0.0386844 -0.00454105  0.00252749 0.000882417  -0.0800046  -0.0477318 -0.00964458  -0.11004 -0.187252   -9.8066 
              42.504  4.04371 0.772776  90.2062   4.0769  1.53515 0.139247 0.299775 -0.38809 0.103593 -0.00158941 -0.00179164 0.000798672   0.201455 -0.0225892 -0.0300618 -0.00474009  0.00254025 0.000870507  -0.0815524  -0.0491474 -0.00997061 -0.113216  -0.18865  -9.80653 
              42.604  4.22713 0.686497  90.1639  4.08377  1.53488 0.143582  0.309516 -0.396741  0.107477 -0.00158726  -0.0017613 0.000795016   0.218948 -0.0191592  -0.001732 -0.00483913  0.00259029 0.000887506 -0.0832492 -0.0513385 -0.0102824 -0.116982 -0.191231  -9.80644 
              42.708  4.28846 0.623285  90.1383  4.08969  1.53479 0.146756  0.322355 -0.407422  0.110634 -0.00158667  -0.0017247 0.000813565    0.228032   -0.017017 -0.00789061 -0.00486403  0.00262677 0.000895078 -0.0854207 -0.0541262 -0.0105138 -0.121753 -0.194592  -9.80631 
              42.804 4.34314 0.57232 90.1232  4.09029  1.53538 0.150632  0.338953 -0.420896  0.112305 -0.00158505 -0.00167811 0.000849871    0.223516  -0.0145946 -0.00211123 -0.00488548  0.00265674 0.000897241 -0.0882226 -0.0576958 -0.0106842 -0.127858 -0.198924  -9.80615 
              42.912  4.35021 0.540159  90.1157  4.09396  1.53582 0.152831  0.355568 -0.433894  0.111994 -0.00158187 -0.00163178 0.000891205   0.226507   -0.01287 0.00131997 -0.00487844  0.00267576 0.000896797 -0.0909583 -0.0611772 -0.0107674 -0.133808 -0.203219  -9.80598 
              42.996  4.30764 0.508509  90.1107  4.09036  1.53652 0.155893  0.374146 -0.447931  0.109761 -0.00157631 -0.00157996 0.000938984   0.208668 -0.0115591 0.00566851 -0.00484089  0.00269375 0.000895331 -0.0938983 -0.0650375 -0.0108537 -0.140267 -0.208046  -9.80579 
              43.108  4.29633 0.505674  90.1136    4.095  1.53659 0.157032  0.389837 -0.459422  0.106994 -0.00157048 -0.00153547  0.00097195   0.213002 -0.0117029 -0.0127176 -0.00482303  0.00269521 0.000891727 -0.0963186 -0.0682569 -0.0108436 -0.145602 -0.212122  -9.80563 
              43.212  4.23584 0.503164  90.1129  4.09435  1.51432 0.158586  0.408219 -0.472602  0.102838 -0.00156283 -0.00148302  0.00100298  0.211421 -0.394875 0.0281563 -0.00477402  0.00269476 0.000889978 -0.0990607 -0.0720312 -0.0108367 -0.151725 -0.216934  -9.80543 
              43.312  3.66433 0.584482   90.509   4.0926  1.47131 0.161994 0.422939 -0.48544 0.106278 -0.00151193 -0.00144342  0.00107862  0.193808 -0.589534  0.031234 -0.00432926   0.0026727  0.00103027  -0.101702 -0.0750736 -0.0108266 -0.157367 -0.220574  -9.80526 
              43.404  2.31369 0.732682  91.4409  4.08618  1.41392 0.168312  0.438286 -0.495927   0.12031 -0.00139842 -0.00140185  0.00124326  0.114052 -0.681774 0.0248071 -0.00341913  0.00255689 0.000913768  -0.103821 -0.0781403 -0.0108785 -0.162213 -0.224587  -9.80509 
              43.508  1.80683 0.112566  91.8608  4.07891   1.3425 0.172056  0.450189 -0.505252  0.137796 -0.00133075 -0.00137408  0.00133011 0.0818176 -0.723608 0.0550799 -0.00304652  0.00300208  0.00102039   -0.10594 -0.0804512 -0.0107894 -0.166556 -0.227454  -9.80495 
              43.604   1.47562 0.0290365    92.398  4.07682  1.27361 0.178322  0.455375 -0.509572   0.14684 -0.00130299 -0.00136572  0.00134116 0.0352922 -0.666179    0.0451 -0.00275717  0.00307379  0.00105623  -0.106803 -0.0814759  -0.010859 -0.168429 -0.228726  -9.80489 
              43.712   1.56403 -0.502781   92.8693   4.0645  1.25017 0.182379 0.461146 -0.51433 0.155548 -0.00128112 -0.00135825  0.00132764 -0.0341341   0.366469 -0.0103239 -0.00266434   0.0031987  0.00096067  -0.107496 -0.0826428 -0.0110954 -0.170264 -0.230245  -9.80482 
               43.82   1.56981 -0.485059    93.034  4.05074  1.30003 0.186445  0.464322 -0.518073  0.156342 -0.00127866 -0.00135663  0.00130531 -0.0607264   0.451064  0.0128813 -0.00258978  0.00328906 0.000808561  -0.108102 -0.0833992 -0.0112654 -0.171668 -0.231073  -9.80478 
               43.92   1.56903 -0.462146   93.2695  4.03556  1.34757 0.186429  0.466356 -0.520918  0.151132 -0.00128132 -0.00135077  0.00128733  -0.0870074    0.439606 -0.00310051 -0.00260971  0.00330045   0.0006946  -0.108755 -0.0839206 -0.0112564 -0.172884 -0.231547  -9.80474 
               44.02   1.77381 -0.271291   93.3001  4.03005  1.37427 0.183721  0.465842 -0.522105  0.151891 -0.00127695 -0.00134333  0.00129171 -0.0540907  0.0647248  -0.016452  -0.0027853  0.00323612 0.000679617  -0.109099  -0.083814 -0.0111745 -0.173328 -0.231228  -9.80474 
              44.128   2.48605 -0.208618   93.5154  4.02678  1.37847 0.172205  0.464701 -0.524852  0.151522 -0.00127066 -0.00133017  0.00130081 -0.0224516  -0.117192 -0.0778442 -0.00311757  0.00318222 0.000784418  -0.109806 -0.0835825 -0.0108468  -0.17429 -0.230541  -9.80474 
               44.24   2.92277 -0.172219   94.1889  4.02917  1.36285 0.154111  0.462187 -0.525961  0.152768 -0.00126867 -0.00133565  0.00131819 -0.0156367  -0.271272 -0.0982735 -0.00326266  0.00322218 0.000788566  -0.110225 -0.0830214 -0.0105165 -0.174619 -0.229496  -9.80476 
              44.344   3.46574 -0.312428   95.0183  4.03124  1.34195 0.136105  0.459747 -0.527068  0.150799 -0.00127219 -0.00134988  0.00132179  0.055544 -0.303964 -0.107794 -0.00357805  0.00326821 0.000813918  -0.110857 -0.0824655 -0.0103288 -0.175139  -0.22841  -9.80478 
              44.444   3.48467 -0.264677   95.9356  4.03843  1.31621 0.128809  0.457812 -0.527863  0.150584 -0.00127154 -0.00135766  0.00132391   0.109414   -0.31262 -0.0979529 -0.00361811  0.00325085 0.000773261  -0.111368  -0.082067 -0.0105101 -0.175546 -0.227591  -9.80479 
              44.552   3.15626 -0.193949   96.8603  4.04439  1.28837 0.124424  0.456301 -0.529359  0.152463 -0.00126367 -0.00136542  0.00133645  0.0940563  -0.297064 -0.0930334 -0.00336833  0.00321465 0.000727105  -0.111994 -0.0818232 -0.0107917 -0.176209 -0.226919  -9.80479 
              44.668  2.88518 -0.16036  97.8195  4.04848  1.25919 0.123502  0.454954 -0.531349  0.154436 -0.00125644 -0.00137352  0.00135114  0.0693465  -0.281463 -0.0847336 -0.00315881  0.00321525 0.000772634  -0.112691 -0.0816269 -0.0111903 -0.177024 -0.226283  -9.80479 
              44.764    2.69805 -0.0923255    98.9503   4.0517  1.23764 0.127655   0.45253 -0.533481  0.154984 -0.00125406 -0.00138758  0.00135604  0.0536595  -0.266876 -0.0724222 -0.00304499  0.00320181  0.00087359  -0.113375 -0.0812009 -0.0116899 -0.177764 -0.225279   -9.8048 
              44.864    2.4604 -0.162803   100.142  4.04811  1.21881 0.130211  0.450898 -0.536838  0.155951 -0.00124587 -0.00140717  0.00136302  0.0751499  -0.272059 -0.0613602 -0.00290847  0.00321228 0.000864475  -0.114248 -0.0809413 -0.0120966 -0.178929 -0.224459   -9.8048 
               44.98   2.67846 -0.220545   101.547  4.04468  1.19257 0.140634 0.450006 -0.53987 0.156372 -0.00123632 -0.00142049  0.00136376  0.0167856  -0.242827 -0.0624171 -0.00295256  0.00321144  0.00079135  -0.115058 -0.0808803 -0.0127644 -0.180047 -0.223965  -9.80479 
              45.084   2.75886 -0.497576   103.204  4.03772  1.18266 0.153444  0.446561 -0.543512  0.156727 -0.00123307 -0.00145029  0.00135535  -0.102846   0.214646 -0.0458015 -0.00295142  0.00342376 0.000829216  -0.115916 -0.0803217 -0.0134717 -0.181125  -0.22261   -9.8048 
               45.18   2.53843 -0.859829   104.722  4.01664  1.22666 0.159851  0.445074 -0.546928  0.155774 -0.00122711   -0.001472  0.00134317  -0.120768   0.431932 -0.0412181 -0.00279095  0.00354411 0.000551225  -0.116688  -0.080114 -0.0138888 -0.182239  -0.22191   -9.8048 
               45.28   2.50319 -0.931507   104.767  4.00515   1.2698 0.161986  0.443674 -0.547163  0.156661 -0.0012246 -0.0014742 0.00134089   -0.10834   0.403002 -0.0516574 -0.00270476  0.00356674  0.00052875  -0.116867 -0.0798729 -0.0141144 -0.182342 -0.221432   -9.8048 
              45.388   2.25529 -0.812065   104.747  3.99233  1.31708 0.160088  0.441659 -0.547641  0.159235 -0.00121123 -0.00145987  0.00133992  -0.121039   0.404264 -0.0372292 -0.00254139  0.00351902 0.000547206   -0.11708 -0.0794645  -0.014228 -0.182476 -0.220698  -9.80482 
                45.5   2.11279 -0.523521   105.022  3.96943    1.372 0.154545  0.440492 -0.550276  0.156909 -0.00121651 -0.00142101  0.00134756  -0.130987   0.409836 -0.0334474 -0.00251644  0.00341277 0.000394485  -0.117783 -0.0792477 -0.0142704 -0.183454 -0.220107  -9.80481 
              45.608   2.39153 -0.393922    105.05  3.95414  1.42323 0.152235   0.43876 -0.551283  0.157541 -0.00120728 -0.00139351  0.00135492  -0.122737   0.413587 -0.0270082 -0.00265792  0.00337079 0.000387069  -0.118289  -0.078894 -0.0143895 -0.183966 -0.219395  -9.80482 
              45.712   2.57179 -0.362701   104.868 3.94886  1.4716 0.14502   0.43556 -0.551345   0.16039 -0.00118029 -0.00137602  0.00136808 -0.0847707   0.418388 -0.0188538 -0.00273603  0.00343918 0.000498796  -0.118357 -0.0781692  -0.014333 -0.183841 -0.218239  -9.80485 
              45.808    3.03454 -0.0834107    104.921 3.93906 1.51578 0.13669  0.436099 -0.553071  0.158891 -0.00118507 -0.00136988  0.00136865 -0.0637421   0.425435 -0.0592178 -0.00298823  0.00329956  0.00047759  -0.118514 -0.0782627 -0.0141732 -0.184286 -0.218325  -9.80484 
              45.908   4.23078 -0.377225   104.908  3.92682  1.55911 0.134759  0.439474 -0.556188  0.156836 -0.00119541 -0.00134987  0.00132726  -0.024293   0.422607 -0.0394985 -0.00367256  0.00348591 0.000479488  -0.119343 -0.0790116 -0.0142931 -0.185733 -0.219262  -9.80479 
              46.012    5.1789 -0.813649    104.83    3.924    1.606 0.141081  0.439845 -0.557306  0.156838 -0.00118613 -0.00131471  0.00130209  0.0461683   0.420595 -0.0282789 -0.00422265  0.00375693 0.000504968  -0.120432 -0.0791476 -0.0148126  -0.18693 -0.219204  -9.80477 
              46.112   3.84326 -0.444549   104.887  3.93031  1.65424 0.142063  0.436244 -0.557362  0.156982  -0.0011783 -0.00131324  0.00130326    0.0678679     0.433236 -0.000627987  -0.0034264  0.00358614 0.000499282  -0.120797 -0.0783907 -0.0150088 -0.187051 -0.217906   -9.8048 
              46.216   4.34762 -0.598723   104.867  3.92601  1.70408 0.145518 0.440085  -0.5626 0.157886 -0.00115697 -0.00129668  0.00133911  0.0851969   0.427253 0.00125283 -0.00369433  0.00367595 0.000514499  -0.122234  -0.079175 -0.0152568 -0.189399 -0.218759  -9.80473 
              46.316   4.01467 -0.468513   104.839  3.91751  1.74944 0.156505   0.44762 -0.568543   0.15856 -0.00113494 -0.00127462  0.00141718  0.0676305   0.440044 0.00573113 -0.00350971   0.0036227 0.000533757  -0.124113 -0.0806747 -0.0157985 -0.192474 -0.220706  -9.80463 
               46.42   3.90478 -0.623691   104.801  3.90493  1.79959 0.162149   0.45606 -0.578298  0.158655 -0.00111142  -0.0012522  0.00147851  0.0518254   0.424982 0.00892704 -0.00341452  0.00374933 0.000554608  -0.126325 -0.0823019 -0.0160039 -0.196481 -0.222717   -9.8045 
              46.524    3.9287 -0.616297   104.814  3.88996  1.85146 0.170477  0.465343 -0.589614  0.157572 -0.0010857 -0.0012319 0.00151322 0.0365519  0.437833     0.032 -0.00341285  0.00377203 0.000549978  -0.128942 -0.0841278 -0.0163702 -0.201144 -0.224906  -9.80436 
              46.644   3.74154 -0.444128   104.931  3.87619  1.90808 0.173054  0.474299 -0.599736  0.156129  -0.0010612 -0.00120959  0.00153704 0.0268678  0.442055 0.0580753 -0.00329373  0.00372857 0.000493512  -0.131022 -0.0859798  -0.016295 -0.205139 -0.227204  -9.80422 
              46.752  3.70641 -0.64954   104.91  3.86697  1.93411 0.168389  0.485396 -0.611402  0.153863  -0.0010465 -0.00117399  0.00153664  0.129773 0.0305085 0.0425675 -0.00326735  0.00386375 0.000507481  -0.133215 -0.0882344 -0.0158432 -0.209606 -0.230113  -9.80406 
              46.852   3.63922 -0.575193    105.84  3.86892  1.93957 0.167409  0.488033 -0.620026  0.155247 -0.00100346 -0.00120276  0.00153546  0.144883 -0.136242 0.0381464  -0.0032613  0.00388635 0.000833961   -0.13482 -0.0887326 -0.0156993 -0.212532 -0.230381  -9.80399 
              46.952   3.73806 -0.710191    107.92  3.87044  1.92976 0.165916  0.492403 -0.627849  0.161789 -0.000895744  -0.00126551   0.00152051 0.0756254 -0.120382  0.029103 -0.00349451  0.00387433  0.00106931  -0.136357 -0.0895689 -0.0155215 -0.215376 -0.231259  -9.80391 
               47.06  3.98191 -1.28547  110.843  3.86225  1.92368 0.173652  0.499669 -0.637071  0.176613 -0.000658543  -0.00135999    0.0014688  0.0445474 -0.0765582  0.0390825 -0.00366991  0.00407305  0.00127886  -0.138128  -0.091051 -0.0157047 -0.218811 -0.233085  -9.80379 
              47.156   3.8169 -1.38792  115.653  3.86246  1.92274 0.164627  0.501171 -0.642456  0.183091 -0.000550669  -0.00155682   0.00146516   0.106195 -0.0739438  0.0196516 -0.00363061  0.00393106  0.00149358  -0.139601 -0.0911498  -0.015146 -0.221041 -0.232981  -9.80374 
              47.264  3.14865 -1.39401  120.289  3.86765  1.91192 0.152684  0.506188 -0.645377  0.188926 -0.000345314   -0.0016435    0.0014893   0.188304  -0.141655 0.00682439 -0.00334192  0.00376452   0.0011235  -0.140945 -0.0919325 -0.0144921 -0.222956 -0.234145  -9.80367 
              47.392 3.21422 -1.7372 123.834  3.87247  1.89987 0.151789   0.51247 -0.654052  0.195246 -0.000191849  -0.00181423   0.00149215   0.0975615   -0.104649 -0.00571581 -0.00328692  0.00388195  0.00108626  -0.142927 -0.0931157 -0.0143956  -0.22638 -0.235671  -9.80356 
                47.5  3.31471 -2.07227  127.299   3.8731  1.89554 0.149861  0.516313 -0.662871  0.197524 -0.000207254  -0.00188903   0.00147747   0.120708 -0.0889736 0.00362519 -0.00332207  0.00409029  0.00153772  -0.144841 -0.0938027  -0.014329 -0.229644 -0.236469  -9.80346 
              47.608  2.90279 -2.43677  131.924  3.8681 1.89179 0.14694  0.522288 -0.673839  0.196219 -0.000244108  -0.00201626    0.0014692   0.101066  -0.103268 -0.0198856 -0.00308575  0.00426126  0.00109857  -0.147494 -0.0948636 -0.0141703 -0.233959 -0.237915  -9.80332 
              47.712  3.00521 -2.74905  136.117 3.84026 1.90888 0.15349  0.526772 -0.685022  0.192207 -0.000330122  -0.00211364   0.00144727  -0.293252   0.280169 0.00611056 -0.00318641  0.00437954  0.00103078  -0.149722 -0.0957455 -0.0144265 -0.237847  -0.23912   -9.8032 
              47.828  2.92632 -3.56781  138.684  3.79223  1.94103 0.167973  0.532397 -0.695423  0.181309 -0.000500876  -0.00212649   0.00139898 -0.278907  0.244656 0.0551312 -0.00322533  0.00479934 0.000567661  -0.151874 -0.0969369 -0.0148976 -0.241516  -0.24088  -9.80307 
              47.912  3.03198 -3.34591  138.672  3.77467  1.95224 0.167085  0.534637 -0.701184  0.173379 -0.000655971  -0.00197513   0.00139658    0.129136   -0.109644 -0.00579308 -0.00334904  0.00473318 0.000590173  -0.153203 -0.0973264 -0.0147777 -0.243673 -0.241521    -9.803 
              48.032  2.99214 -2.90467  139.559   3.7769  1.96159 0.153224   0.52963 -0.705409  0.179408 -0.000543647  -0.00175794   0.00142339   -0.238695    0.223563 0.000102814 -0.00330667  0.00443298  0.00106539  -0.153928 -0.0959857 -0.0142512 -0.245068 -0.239552  -9.80301 
               48.12  2.58523 -3.48578  143.364  3.74216  1.98637 0.163461  0.531476 -0.714684  0.174994 -0.000623523  -0.00166334   0.00142547 -0.253891  0.214643 0.0253661 -0.00322511   0.0045795  0.00074129   -0.15616 -0.0962455  -0.014678  -0.24858 -0.240133  -9.80291 
              48.216  2.51036 -3.49612  143.455  3.70524  2.01363 0.175321  0.532093 -0.723619  0.170317 -0.00070635 -0.00146593  0.00143498  -0.25881  0.204956 0.0393686 -0.00321368  0.00462385 0.000690929  -0.158372   -0.09621 -0.0150811 -0.252043 -0.240299  -9.80282 
              48.328  2.42278 -3.54953  143.443  3.66016   2.0445 0.179493  0.533264 -0.735101  0.164967 -0.000789925  -0.00118799   0.00144212 -0.270152  0.193334 0.0300671 -0.00319665  0.00468947 0.000706532   -0.16083 -0.0961892   -0.01508  -0.25615 -0.240613   -9.8027 
               48.44  2.50574 -3.47152  143.509  3.64108  2.05551 0.180162  0.532173 -0.745086  0.163162 -0.000793011 -0.000947423   0.00145327  0.157344 -0.166812 0.0131603 -0.00329576  0.00468922 0.000677445  -0.162913 -0.0956555 -0.0150915 -0.259721 -0.240139  -9.80262 
              48.552  2.67034 -2.83609  144.555  3.65247   2.0501 0.159279  0.529023 -0.752155  0.162797 -0.000755592 -0.000895912   0.00149963    0.20073  -0.144536 -0.0460622 -0.00341107  0.00438255   0.0014732  -0.163688 -0.0946949 -0.0143456 -0.261678 -0.238905   -9.8026 
              48.656  2.12591 -2.89006  149.031  3.64644  2.06425 0.148505  0.522536 -0.761701  0.159891 -0.000793467  -0.00113182    0.0015297  -0.311985   0.155827 -0.0189772 -0.00330093  0.00422277  0.00148027    -0.1655 -0.0928479  -0.014134 -0.265096 -0.236475  -9.80257 
               48.76  1.74692 -2.48134  153.432  3.59803   2.0914 0.143588    0.5207 -0.769566  0.160871 -0.000782313  -0.00144333   0.00155019  -0.368741   0.161032 -0.0152387 -0.00319687  0.00385053 0.000515712  -0.167131 -0.0920715 -0.0140156 -0.267958 -0.235691  -9.80251 
              48.856  1.46063 -2.50198  153.536  3.57369  2.10085 0.143956  0.518474 -0.775238  0.162334 -0.000770594   -0.0014927   0.00155503  0.0710747  -0.086789 0.00134671 -0.00307557  0.00389221 0.000454364  -0.168343 -0.0913872 -0.0141436 -0.270077 -0.234899  -9.80247 
              48.968  1.40396 -2.47252  154.411  3.58145  2.09994 0.143515  0.516758 -0.781455   0.16416 -0.000755147  -0.00147416   0.00154543   0.157535 -0.0873412 -0.0105983 -0.00303056  0.00392441 0.000886411  -0.169663 -0.0908321 -0.0142392 -0.272375 -0.234335  -9.80242 
              49.076  1.61142 -2.93456  158.368   3.5626  2.11233 0.143025  0.511823 -0.788025  0.161478 -0.000798982  -0.00157188   0.00152188  -0.349035   0.114023 0.00990728 -0.00329571  0.00403972  0.00130822  -0.170761  -0.089533 -0.0142698 -0.274667 -0.232649  -9.80239 
              49.168   1.1553 -3.32528  162.049  3.52017  2.12495 0.157983 0.511654 -0.79436 0.161228 -0.00079523 -0.00168531   0.0014699 -0.370845  0.084902 0.0399712 -0.00314883  0.00422344 0.000438581  -0.172078 -0.0891894 -0.0148373 -0.276926  -0.23258  -9.80233 
              49.268   1.0241 -3.05978  161.981 3.49003 2.12701 0.16597  0.511723 -0.801573  0.159262 -0.000837125  -0.00159557   0.00146719 -0.00432135  -0.0916934   0.0276706 -0.00312376  0.00411051 0.000471978  -0.173572 -0.0889114 -0.0150529 -0.279484 -0.232661  -9.80226 
              49.372 1.03388 -2.9611 162.857  3.45762  2.13546 0.167108   0.50816 -0.809391  0.160199 -0.000815633  -0.00145194   0.00147124 -0.421564 0.0393807 0.0234113  -0.0031449  0.00403867 0.000792809  -0.174887 -0.0878696 -0.0150858 -0.282162 -0.231562  -9.80221 
              49.476  1.09026 -3.18878  164.319  3.40188   2.1499 0.167755  0.505175 -0.816951  0.160674  -0.0007988 -0.00133229  0.00144456  -0.440732  0.0349545 0.00261866 -0.00326547  0.00423295 0.000494658  -0.176261 -0.0868471 -0.0150649 -0.284853 -0.230596  -9.80215 
              49.584  1.18263 -3.33748  164.298 3.37636  2.1525 0.17209 0.501016 -0.82004    0.164 -0.000718356  -0.00124683   0.00145116    0.0115908   -0.0890975 -0.000546361 -0.00339395  0.00437966 0.000491138  -0.176826 -0.0857266  -0.015278 -0.286146 -0.229178  -9.80215 
              49.688   1.2974 -3.35979    165.2  3.38515    2.158 0.169323  0.495776 -0.823327  0.166081 -0.000635952  -0.00118482    0.0014651   0.229843 -0.0472915 -0.0182463 -0.00349646  0.00433366 0.000892074  -0.177297 -0.0843037  -0.015288 -0.287478  -0.22734  -9.80215 
              49.796 0.894506 -3.59181  167.738   3.3778  2.16414 0.182733  0.491275 -0.825685  0.163584 -0.000621694  -0.00120139   0.00146149 -0.404945 0.0274182 0.0430716 -0.00334371  0.00436066  0.00109465  -0.177624 -0.0830976 -0.0158939 -0.288482 -0.225771  -9.80216 
              49.908 0.76352 -3.4578 169.778  3.32555   2.1744 0.183859 0.488394 -0.82939 0.160698 -0.000640412  -0.00123988   0.00146549 -0.431233 0.0177733 0.0337132 -0.00335645  0.00424197 0.000505486  -0.178285 -0.0822192 -0.0157537 -0.289917 -0.224802  -9.80214 
              50.024 0.656656 -3.18075  169.897 3.30832 2.17792   0.191  0.482975 -0.828821  0.163046 -0.000609659  -0.00125165    0.0014633  0.0379016 -0.0591185  0.0285059 -0.00332527  0.00417368 0.000425527  -0.177883 -0.0809506 -0.0159339 -0.289858 -0.222847  -9.80218 
              50.132  0.73539 -3.04204   170.64  3.30858  2.17891 0.196392  0.480489 -0.832544  0.163441 -0.000582088  -0.00122901   0.00147381   -0.263778 -0.00765213   0.0498647 -0.00341674  0.00407895 0.000777327  -0.178553 -0.0802148 -0.0160614 -0.291274 -0.222092  -9.80216 
              50.244 0.549176 -3.07864  172.768  3.25656  2.18681 0.205337  0.476239 -0.835929  0.161895 -0.000583869  -0.00125036    0.0014779  -0.448725 -0.0259158   0.059413 -0.00335565  0.00405553 0.000368823   -0.17901 -0.0790797 -0.0162177 -0.292584   -0.2207  -9.80215 
               50.34 0.314407 -3.07057  172.754  3.23017  2.18618 0.213548  0.472797 -0.838267  0.163587 -0.000556115  -0.00124075   0.00147296 -0.0433748  -0.124245  0.0688065  -0.0032111  0.00400812 0.000381964   -0.17934 -0.0781743 -0.0163612 -0.293546 -0.219576  -9.80215 
              50.436 0.597834 -2.90127  173.156   3.2228  2.18187 0.208672  0.471844 -0.844931  0.163924 -0.000535153  -0.00118641   0.00147684  0.153294 -0.104464 0.0431478 -0.00341028  0.00393707 0.000551185  -0.180558 -0.0776834 -0.0159996 -0.295828 -0.219474  -9.80208 
              50.548 0.227509 -3.20307  174.165  3.23239  2.17621 0.217568  0.468645 -0.848443  0.163567 -0.000515554  -0.00118376   0.00146279 -0.258021 -0.129024 0.0727463 -0.00324484  0.00403033 0.000646754  -0.181124 -0.0768011 -0.0161773 -0.297187 -0.218504  -9.80206 
              50.656 0.121565 -3.10192  175.614  3.18254  2.18301 0.221204  0.459653 -0.848566  0.155385 -0.000536195  -0.00120866   0.00145917 -0.487924 -0.114202 0.0810207 -0.00319827  0.00381825 0.000413331  -0.180645 -0.0748786 -0.0160719 -0.297515 -0.215482  -9.80212 
              50.764 0.156402 -3.24903  175.634 3.13172  2.1898 0.22908  0.451075 -0.847665   0.15858 -0.000494093  -0.00124173   0.00146544  -0.47551 -0.102016 0.0513913 -0.00319417  0.00387197 0.000398269  -0.179953  -0.073087 -0.0161492 -0.297458 -0.212569  -9.80218 
              50.864 0.0769695  -3.33914   175.594  3.08169   2.1921 0.239556  0.445539 -0.848851  0.165147 -0.000441365  -0.00124714   0.00146316  -0.47033 -0.105012  0.078344 -0.00313323  0.00391498 0.000424782  -0.179956 -0.0718029 -0.0163382 -0.298135 -0.210754   -9.8022 
              50.968 -0.175354  -3.21942   175.499  3.03382  2.19035 0.255863  0.440583 -0.847811  0.171916 -0.000392987  -0.00126836    0.0014553 -0.463799 -0.122195 0.0718386 -0.00297399  0.00383516 0.000480724  -0.179715 -0.0707247 -0.0167243 -0.298187 -0.209067  -9.80224 
              51.072 0.222027 -3.21893  175.612  2.99072  2.19768 0.284191  0.432119 -0.844093  0.183744 -0.000329164  -0.00131144   0.00147344  -0.44574 -0.102576 0.0845277 -0.00319623  0.00382139 0.000416147  -0.179085  -0.068921 -0.0175294 -0.297779 -0.206103  -9.80231 
              51.168 0.165224 -2.82808  175.617  2.94894  2.20568 0.311366  0.424856 -0.841774  0.192991  -0.0002823 -0.00133747   0.0014787 -0.444864  -0.08986  0.134095 -0.00315364  0.00358187 0.000416431  -0.178832 -0.0672798 -0.0182394 -0.297848 -0.203579  -9.80236 
               51.26 0.178916 -2.75722  175.657  2.90694  2.21202 0.341507  0.419316 -0.840602  0.198907 -0.00025384 -0.00135069  0.00148519  -0.448366 -0.0810635   0.156033 -0.00315347  0.00353066 0.000397648   -0.17892 -0.0659543  -0.018901 -0.298263 -0.201682  -9.80239 
              51.368  0.27819 -2.68292  175.719  2.85344  2.21825 0.372936  0.414462 -0.841358  0.202977 -0.000231923  -0.00135916   0.00149582  -0.462344 -0.0726881   0.154352 -0.00320281   0.0034801 0.000366322  -0.179351 -0.0647203 -0.0194124 -0.299235 -0.200104  -9.80239 
              51.476 0.338373 -2.71694   175.77  2.79729  2.22516 0.387265  0.410305 -0.843684  0.205073 -0.000219407  -0.00137006   0.00150058   -0.47537 -0.0634061   0.154571 -0.00322902  0.00349247 0.000342176  -0.179565 -0.0636119 -0.0193348 -0.300194 -0.198728  -9.80239 
              51.576  0.45796 -2.81073  175.816  2.7468 2.23397 0.41071 0.405773 -0.84429 0.206456 -0.000213937  -0.00138433   0.00150529  -0.480356 -0.0483269   0.155816 -0.00328986  0.00353608  0.00032257  -0.179627  -0.062495 -0.0195198 -0.300768   -0.1972   -9.8024 
              51.692 0.467013 -2.81818  175.857  2.71372  2.23667 0.432578  0.402277 -0.845493  0.207007 -0.00020965 -0.00139735  0.00150423 -0.0680239 -0.0802208   0.165925 -0.00328792  0.00353181 0.000306514  -0.179767 -0.0616256  -0.019615 -0.301408 -0.196062  -9.80241 
              51.792 0.712888 -2.68594  176.453 2.71028 2.23582  0.4562  0.400175 -0.846808  0.205754 -0.000213917  -0.00141507    0.0015083   0.113709 -0.0790613   0.156092 -0.00347267  0.00347375 0.000339896  -0.180091 -0.0610742 -0.0198549 -0.302104 -0.195432   -9.8024 
              51.892  0.68229 -2.79613  177.231  2.68486  2.23829 0.479334  0.397678 -0.848342  0.201692 -0.000229385  -0.00143957   0.00150686 -0.566163 -0.039076  0.191298 -0.00347108  0.00359138 0.000343925  -0.180296 -0.0604288 -0.0199477 -0.302763 -0.194644  -9.80239 
              51.992 0.672929 -3.20843  177.304 2.63617 2.24086 0.49756  0.394838 -0.844903  0.198172 -0.000244906  -0.00143898   0.00152417   -0.53627 -0.0405163   0.197672 -0.00348291  0.00381959 0.000397353  -0.179482 -0.0599939 -0.0199025 -0.301721 -0.193569  -9.80245 
                52.1 0.731386 -3.25772  177.326   2.5875  2.24321 0.517816  0.392019 -0.841077   0.19913 -0.000250292  -0.00145382   0.00153299  -0.505696 -0.0404675   0.216955 -0.00350464  0.00383745 0.000389146  -0.178467  -0.059554 -0.0198752 -0.300443 -0.192438  -9.80251 
                52.2 0.658087 -3.30228  177.278  2.54145  2.24086 0.528589 0.390955 -0.83979  0.20077 -0.000250037  -0.00146836   0.00153217  -0.486031 -0.0529717   0.188385 -0.00345065  0.00385186 0.000416329  -0.177866 -0.0593674  -0.019531 -0.299795 -0.191945  -9.80254 
                52.3 0.493921 -3.17304  177.259  2.50011  2.24578 0.553675  0.387127 -0.836263  0.206181 -0.000239444  -0.00149943   0.00151352  -0.465162 -0.0496206   0.196362 -0.00334623  0.00376873 0.000426544   -0.17698 -0.0586668 -0.0197633 -0.298783 -0.190505   -9.8026 
                52.4 0.590995 -2.91976  177.262  2.45405  2.25139 0.567939  0.384149 -0.836023  0.210357 -0.000226362  -0.00151515   0.00150746  -0.461831 -0.0398805   0.204941 -0.00339069  0.00361267 0.000426883  -0.176553  -0.057973 -0.0195515 -0.298644 -0.189411  -9.80262 
                52.5 0.462919 -3.06516  177.264  2.40605  2.25403 0.591058  0.382106 -0.836428  0.212501 -0.000217883  -0.00152008    0.0015062   -0.46028 -0.0451687   0.210732 -0.00330607  0.00368801 0.000425262  -0.176612 -0.0574677  -0.019679 -0.298953 -0.188743  -9.80263 
              52.608 0.358134 -3.15682  177.242  2.35088  2.25495 0.620111  0.380544 -0.838093  0.213583 -0.000207718  -0.00151956   0.00150422  -0.466166 -0.0553315   0.220659 -0.00323493  0.00373309 0.000438159  -0.177068 -0.0570053 -0.0199319 -0.299775 -0.188319  -9.80261 
              52.724 0.413361  -3.3472  177.278 2.29314 2.25937 0.64505 0.377644 -0.83936 0.215109 -0.000200274  -0.00152764   0.00150436  -0.462318 -0.0527409   0.223349 -0.00325546  0.00383477 0.000418204  -0.177171 -0.0562713 -0.0199517 -0.300339 -0.187387  -9.80261 
              52.816 0.00346791   -3.39043    177.243  2.24816  2.26465 0.666375  0.374252 -0.839986  0.216204 -0.000194731  -0.00153868   0.00149331  -0.459644 -0.0564963   0.213011 -0.00300725  0.00384992 0.000439149  -0.177129 -0.0554568 -0.0199927 -0.300714 -0.186263  -9.80262 
              52.928 -0.273251  -3.23095   177.229 2.19308 2.26521 0.68825 0.371804 -0.84131 0.216595 -0.000189259  -0.00154566    0.0014863  -0.460064 -0.0752794   0.225375 -0.00283962  0.00375095 0.000448362  -0.177187 -0.0548378 -0.0198939 -0.301201 -0.185478  -9.80262 
              53.028 -0.117977  -3.19253    177.26  2.15097  2.26633 0.710976  0.368483 -0.839525  0.216987 -0.000195075  -0.00155654   0.00149173  -0.444349 -0.0794209   0.227786 -0.00291955  0.00371889 0.000431768  -0.176617 -0.0541591 -0.0199204 -0.300714 -0.184265  -9.80266 
              53.132 -0.135236  -3.21245   177.282  2.10046  2.26962 0.732127  0.364599 -0.841027  0.217093 -0.000191883  -0.00157149   0.00150223  -0.446375 -0.0805128   0.226787 -0.00290178  0.00372176 0.000421008  -0.176628 -0.0531873 -0.0198172 -0.301319  -0.18299  -9.80266 
              53.244 0.0736564   -3.2853   177.338  2.04388  2.27156 0.750875  0.361109 -0.843701  0.217082 -0.000186673  -0.00158723   0.00151778  -0.450101 -0.0799721   0.228402 -0.00301305  0.00375447 0.000390863  -0.176826 -0.0522641 -0.0195703 -0.302238 -0.181895  -9.80266 
              53.352 -0.0325002   -3.50584    177.298 1.98924 2.27488 0.75728  0.357028 -0.847034   0.21723 -0.000180054  -0.00160448   0.00152135  -0.445086 -0.0790471   0.199942 -0.00294144  0.00387015 0.000415459  -0.176864 -0.0511606 -0.0187777 -0.303181 -0.180554  -9.80265 
              53.448 -0.122114   -3.5254    177.29  1.94061  2.27791 0.765375  0.353168 -0.849769  0.217437 -0.000172637  -0.00161932   0.00151809  -0.444382 -0.0791487   0.186505 -0.00287808  0.00387059 0.000422595  -0.176962 -0.0501454 -0.0182708 -0.304057 -0.179311  -9.80265 
              53.548 -0.182802  -3.37513     177.3  1.89152  2.27796 0.784504  0.349989 -0.851303  0.217614 -0.000166639  -0.00163134   0.00152023  -0.447609 -0.0878897   0.189963 -0.00283321  0.00377421 0.000419243  -0.177119 -0.0493152  -0.018317 -0.304729  -0.17829  -9.80264 
              53.656 -0.262212  -3.27405   177.289 1.83976 2.27813  0.8003  0.346111 -0.852534  0.217989 -0.000160125  -0.00164578   0.00151861 -0.447955 -0.094439     0.173  -0.0027751  0.00370655 0.000427076  -0.177059 -0.0483161 -0.0181186 -0.305234 -0.176972  -9.80265 
              53.756 0.142191 -3.00963  177.301   1.7914  2.27941 0.799725  0.342711 -0.854153  0.218394 -0.000150066  -0.00166473   0.00153855 -0.449664 -0.083545  0.183617 -0.00299833  0.00354319 0.000421865  -0.176865 -0.0474219  -0.017304 -0.305642 -0.175782  -9.80266 
               53.86 0.441901 -2.48321    177.3  1.74282  2.28026 0.815479  0.339356 -0.854181  0.218823 -0.000147685  -0.00167799   0.00155886  -0.461621 -0.0736775   0.197839 -0.00315965  0.00323556 0.000424632  -0.176629 -0.0465715 -0.0172589 -0.305757 -0.174578  -9.80268 
              53.964 0.437294 -2.51757  177.282 1.69365 2.28212 0.81403  0.336165 -0.854873  0.219285 -0.000139086  -0.00169561   0.00156464  -0.462768 -0.0643318   0.153134 -0.00314743  0.00324875 0.000436674  -0.176254 -0.0457908 -0.0163508 -0.305837 -0.173434   -9.8027 
              54.076  0.71972 -2.23496  177.391  1.64682  2.28817 0.826735  0.331166 -0.854864  0.219886 -0.000142383  -0.00171363   0.00158045  -0.195646 -0.0635386    0.14919 -0.00330316  0.00307626  0.00037742    -0.1759 -0.0446738 -0.0161824 -0.305966 -0.171762  -9.80272 
              54.176 0.664741 -2.20871  177.513  1.62666  2.29132 0.833561  0.327963 -0.857735  0.219258 -0.00013686 -0.00173151   0.0015738 -0.0233328 -0.0654597   0.160388 -0.00324535  0.00306828 0.000347086  -0.176233 -0.0438314 -0.0158863  -0.30699 -0.170817  -9.80271 
              54.276 0.645839 -2.18247  178.087  1.61952  2.29221 0.844679  0.326065 -0.859963  0.216602 -0.000142072  -0.00175415   0.00156453   -0.305746 0.000755325    0.220918 -0.00323841  0.00313102 0.000377436  -0.176563 -0.0432971 -0.0157512 -0.307796 -0.170276  -9.80269 
              54.384 0.464316 -2.15294  178.584  1.57256  2.29734 0.865918  0.323438 -0.858355  0.211057 -0.000163498  -0.00174976   0.00155764   -0.492769 -0.00244892    0.215541 -0.00305643  0.00309676  0.00034055  -0.176192 -0.0428033 -0.0156909 -0.307448 -0.169367  -9.80272 
               54.48 0.456442 -2.07514  178.652  1.52775      2.3 0.880504  0.321775 -0.856666  0.210894 -0.00016692 -0.00175241  0.00155681   -0.495806 -0.00794378    0.235112  -0.0030559  0.00302651 0.000311409  -0.175904 -0.0426023 -0.0154169 -0.307061 -0.168846  -9.80274 
              54.584 0.605288 -1.86671  178.668  1.47903  2.30161 0.889186  0.320636 -0.854767  0.212991 -0.000162593  -0.00176216   0.00155842    -0.5023 -0.0102662   0.198379  -0.0031323  0.00289726 0.000300185  -0.175595 -0.0425547 -0.0147803 -0.306571 -0.168504  -9.80276 
              54.692 0.757364  -1.5995  178.755  1.42341  2.30289 0.892874  0.320077 -0.854848  0.214542 -0.000154417  -0.00176859   0.00156019   -0.522975 -0.00997625    0.175738 -0.00321114  0.00273919 0.000250094  -0.175515 -0.0425516 -0.0139407 -0.306533 -0.168403  -9.80276 
                54.8 0.106448 -2.29685  178.657   1.3625   2.3052 0.902493  0.318206 -0.856903  0.216071 -0.000145255  -0.00176294   0.00153796   -0.53316 -0.0276462   0.184406 -0.00283824  0.00312268 0.000297525  -0.175674 -0.0421828 -0.0135056 -0.307125 -0.167967  -9.80275 
              54.916 -0.185085  -2.97012   178.613  1.29756  2.30422 0.897537  0.317476 -0.859386  0.216647 -0.000161023  -0.00174487   0.00152376  -0.525383 -0.0492011   0.166079 -0.00266996  0.00349059 0.000318614  -0.175726 -0.0420605 -0.0124027  -0.30758 -0.167868  -9.80274 
              55.012 -0.207816  -2.94425    178.64  1.25158  2.30445 0.894051  0.315643 -0.858502  0.218351 -0.000172539  -0.00174973   0.00153179  -0.508683 -0.0562901    0.15557 -0.00264947  0.00346871 0.000299956  -0.175075 -0.0417779 -0.0115821 -0.307022 -0.167205  -9.80277 
              55.136 0.202287 -2.78961  178.681  1.19663  2.30055 0.903516  0.314293 -0.855918  0.219301 -0.000181834  -0.00176008   0.00154131  -0.491583 -0.0647886   0.127807  -0.0028795  0.00337297 0.000273645  -0.174319 -0.0416243 -0.0112556 -0.306086 -0.166624  -9.80281 
              55.244 0.0702254  -2.64487   178.542  1.14919  2.30006 0.910401  0.311344 -0.853884  0.220124 -0.000180113  -0.00177488   0.00153416  -0.479716 -0.0693773   0.140348 -0.00278933  0.00328106 0.000349196  -0.173622 -0.0410915 -0.0109794  -0.30543 -0.165562  -9.80285 
              55.352 -1.25049 -3.28418   178.18  1.10487  2.29839 0.914059  0.308047 -0.857318  0.220383 -0.000161988   -0.0017556   0.00147897 -0.151929 -0.101731 0.0938981 -0.00203725  0.00362932 0.000548918  -0.174004 -0.0401901 -0.0106385  -0.30658 -0.164617  -9.80283 
               55.46 -1.06018 -3.11605  178.805  1.06428  2.29489 0.907988 0.304547  -0.8568 0.216974 -0.000205109  -0.00174925    0.0014765 -0.511203 -0.132695 0.0856151 -0.00213014  0.00361515 0.000419221   -0.17348 -0.0393749 -0.0100324 -0.306373 -0.163349  -9.80285 
              55.556 -0.37888 -3.02276  178.939  1.03123  2.29527 0.909861  0.300268 -0.856192  0.213325 -0.000238008  -0.00176161   0.00156284 -0.180191 -0.124637 0.0407051 -0.00255799  0.00350015 0.000400341   -0.172972  -0.0381267 -0.00997003 -0.306296 -0.161642  -9.80288 
              55.652 -0.0900216   -2.80123    179.273 0.991753  2.29387 0.909763 0.297304 -0.85598 0.210769 -0.000266123  -0.00177257   0.00161773  -0.547467 -0.0990879  0.0795734 -0.00279349  0.00341587 0.000377629   -0.172612  -0.0371933 -0.00975785 -0.306281  -0.16041   -9.8029 
              55.752 -0.0893105   -2.94021    179.302 0.963789   2.2963 0.914926 0.292737 -0.85342 0.210114 -0.000280442  -0.00178428   0.00164744    -0.1832 -0.0975938  0.0784493 -0.00280302  0.00350293 0.000360488   -0.171438  -0.0359519 -0.00967104 -0.305372  -0.15845  -9.80297 
              55.852 -0.0737888   -2.86659    179.564 0.927856  2.29475 0.922121 0.289246 -0.85276 0.210217 -0.000288751  -0.00179362   0.00164912  -0.504361 -0.0895209  0.0842287 -0.00279749   0.0035531 0.000331447   -0.171033  -0.0351212 -0.00967375 -0.305256  -0.15721  -9.80299 
              55.964 -0.145467  -3.19632   179.618 0.891589  2.29363  0.92148  0.285916 -0.853453  0.211306 -0.000279213  -0.00180815    0.0016347   -0.13858 -0.0942065  0.0489521 -0.00283089  0.00380247 0.000367783    -0.17093  -0.0343303 -0.00936126 -0.305575 -0.156142    -9.803 
               56.08 0.0944915  -3.31585   179.918 0.862018   2.2913 0.921854   0.28268 -0.853867  0.211399 -0.000279021  -0.00182166   0.00163391 -0.481879 -0.088231 0.0328362 -0.00293308  0.00394456 0.000327712   -0.170786  -0.0335301 -0.00913665 -0.305821 -0.155062  -9.80301 
               56.18 0.305736 -3.35805 -179.871 0.833343  2.29205 0.925151  0.279062 -0.853009  0.209948 -0.000279429  -0.00183367   0.00164224  -0.167804  -0.097706 0.00356139 -0.00307717  0.00390766 0.000304507   -0.170346  -0.0326769 -0.00917726 -0.305666 -0.153775  -9.80303 
               56.28  0.33867 -2.72904 -179.633 0.819708   2.2884 0.922506  0.277371 -0.854406  0.209773 -0.000272147  -0.00184273   0.00165746  0.0376234 -0.0709752  0.0234395 -0.00304281  0.00355612 0.000284931   -0.170593  -0.0321019 -0.00897405 -0.30627 -0.15321 -9.80302 
              56.388 0.651368 -2.30814 -179.192 0.828004  2.28621 0.914405 0.275614 -0.85488 0.206961 -0.000272285  -0.00185745   0.00167377   0.211151 -0.0808876  0.0216053 -0.00318904  0.00335475 0.000280187   -0.170683  -0.0314956 -0.00856934 -0.306624 -0.152534  -9.80302 
              56.488 0.765778 -2.26908 -178.681 0.814961  2.28749 0.909233  0.273906 -0.854736  0.200849 -0.00027606 -0.00187205  0.00167911  -0.512456 -0.0263395  0.0549503 -0.00328406  0.00336142  0.00029242  -0.170869 -0.0309349 -0.0080953 -0.306962 -0.151895  -9.80302 
              56.584 0.731228 -2.44439 -178.597 0.768761   2.2905 0.907145  0.271467 -0.853105  0.197413 -0.000272459  -0.00188392   0.00167966  -0.502491 -0.0146892  0.0775022 -0.00324177  0.00347747 0.000242218   -0.170587  -0.0304843 -0.00779032 -0.306704  -0.15108  -9.80304 
              56.684 0.467049 -2.24755 -178.497 0.734498  2.29484 0.918513  0.268691 -0.853727   0.20045 -0.000261674  -0.00189183   0.00165686   -0.156895 -0.00547202   0.0648245 -0.00308451  0.00335971 0.000177542   -0.170478  -0.0298671 -0.00805597  -0.30696 -0.150242  -9.80304 
              56.788 0.232181 -2.18391 -178.179 0.722868  2.29739 0.922941  0.26608 -0.85407 0.204673 -0.000256828   -0.0018991   0.00163336 -0.00980247  -0.0468448   0.0553069 -0.00303886  0.00332116  0.00018028   -0.170379  -0.0293533 -0.00800576 -0.307157 -0.149496  -9.80305 
              56.884 0.049071  -2.1696 -177.619 0.724301    2.295 0.922047  0.264505 -0.853662  0.205227 -0.000262572  -0.00189898   0.00162598  -0.246527 -0.0819198  0.0643673 -0.00289815  0.00330716 0.000137577   -0.170266  -0.0290711 -0.00769839 -0.307141 -0.149024  -9.80306 
              56.992 0.198203 -2.25283 -177.159 0.672472  2.29188 0.918205  0.262002 -0.851186  0.201815 -0.000279613  -0.00189588   0.00164638  -0.611765 -0.0774348  0.0552048 -0.00292874  0.00330817 1.65009e-05   -0.169871  -0.0286461 -0.00722828  -0.30668 -0.148156  -9.80309 
              57.104 0.321028 -2.35171 -177.179 0.623646  2.28958 0.922706  0.259113 -0.845124  0.206439 -0.000277197  -0.00193774   0.00170075  -0.568882 -0.0718746  0.0531271  -0.00299471   0.00339047 -6.13161e-06   -0.168295  -0.0282725 -0.00721036 -0.304762 -0.146839  -9.80316 
              57.208  0.62124 -1.60231 -177.122 0.577691  2.28473 0.915552  0.258014 -0.842088  0.210995 -0.000268841  -0.00198076    0.0016656  -0.559935 -0.0691934  0.0357103  -0.00315737   0.00296008 -4.44332e-05   -0.166862  -0.0282213 -0.00662167 -0.303226 -0.146161  -9.80322 
              57.312 0.711576 -1.64489  -177.15 0.532209  2.28355 0.931919  0.255642 -0.836695  0.219141 -0.000260014  -0.00202255   0.00166818  -0.548765 -0.0624458  0.0567987  -0.00321816   0.00299182 -4.14438e-05    -0.16593  -0.0278041 -0.00720542 -0.301934 -0.145073  -9.80328 
              57.444 0.735113 -1.55651 -177.205 0.498104   2.2808 0.938131  0.254374 -0.833612  0.222515 -0.000259131  -0.00205132   0.00166757  -0.140356 -0.0280982   0.034291  -0.00323688   0.00294657 -1.90992e-05   -0.165109  -0.0276358 -0.00725079  -0.30094 -0.144437  -9.80332 
               57.56 0.780798  -1.3722 -176.677 0.461778  2.27297 0.950361   0.25436 -0.829933  0.223075 -0.000267406  -0.00204045   0.00166667  -0.546168 -0.0696223  0.0334433  -0.00317979   0.00278812 -4.65072e-05   -0.164506  -0.0278264 -0.00755559 -0.299902 -0.144263  -9.80335 
              57.668 0.855079 -1.69923 -176.486 0.411349  2.27081 0.958488  0.252644 -0.826986  0.221782 -0.000282407  -0.00203758   0.00168823  -0.541333 -0.0587269  0.0569418  -0.00320624    0.0028385 -0.000133153   -0.163758  -0.0274616 -0.00768807 -0.299063 -0.143438  -9.80339 
              57.772 0.821332 -1.67423  -176.44 0.377931  2.27109 0.972819  0.251222 -0.825052  0.222516 -0.000282774  -0.00204386   0.00168916  -0.188875 -0.0376646  0.0816599  -0.00319741   0.00283286 -0.000165751   -0.163496  -0.0270699 -0.00803026 -0.298754 -0.142806  -9.80341 
               57.86 0.707398 -1.26078 -176.043 0.374771  2.27321 0.986159  0.250157 -0.822789  0.222323 -0.000291994  -0.00204119   0.00167612 0.0419496 0.0489511  0.103858  -0.00319221   0.00263432 -8.34169e-05   -0.163058  -0.0268611 -0.00830092 -0.298198 -0.142295  -9.80343 
              57.964 0.583549 -1.24606 -175.338 0.388989   2.2822  1.00032  0.249213 -0.822443  0.220057 -0.000304385  -0.00204189   0.00167097  0.219933 0.0598746  0.111528  -0.00320339   0.00265043 -0.000116976   -0.162979  -0.0266271 -0.00843654 -0.298192 -0.141958  -9.80344 
               58.06  0.463488 -0.810628  -174.523  0.38006  2.28111 0.999918  0.250884 -0.821007   0.22734 -0.000280893  -0.00201952   0.00167167 -0.569787 0.0169509  0.143337 -0.00332176  0.00241903 -6.4826e-05   -0.162977  -0.0271461 -0.00780565 -0.297772 -0.142507  -9.80344 
              58.176 0.350129 -0.62066 -174.327 0.317845  2.27897  1.01342 0.252098 -0.81888 0.232276 -0.000282511  -0.00200815   0.00166625   -0.599191 -0.00502536    0.155341 -0.00327932  0.00229218 -0.00011027   -0.162734  -0.0274955 -0.00770374 -0.297144 -0.142766  -9.80346 
              58.276  0.12232 -0.57285 -174.262 0.268722  2.27262  1.02265    0.2539 -0.815113  0.233546 -0.000303534  -0.00202357   0.00167674   -0.60075 -0.0338069   0.101775  -0.00317426   0.00228689 -0.000157403   -0.162227  -0.0280943 -0.00744401 -0.295988 -0.143128  -9.80349 
              58.376  0.264589 -0.248199  -174.314 0.23788 2.26968 1.02913  0.255399 -0.812784  0.231727 -0.000326442  -0.00204518   0.00166692  -0.21796 0.0078317   0.12566   -0.0032477   0.00209359 -0.000133847   -0.161856  -0.0286176 -0.00712248 -0.295163 -0.143491  -9.80351 
              58.468   0.211908 0.00458311   -173.765 0.225518  2.26599  1.02569  0.255331 -0.811698  0.232726 -0.000327094  -0.00204305   0.00166375 -0.160091 -0.101186 0.0590412  -0.0031476  0.00194536 -0.00010575   -0.161512   -0.029012 -0.00639029 -0.294619 -0.143627  -9.80352 
               58.58 0.393735 -0.22285 -172.869 0.219148  2.24892  1.00806 0.254751 -0.80871 0.232779 -0.000349008  -0.00201251   0.00168733 -0.0527499  -0.180475 -0.0108651   -0.0031934   0.00207058 -8.86625e-05   -0.161162  -0.0294551 -0.00522463 -0.293812 -0.143635  -9.80355 
               58.68  0.738267 -0.547044  -171.432 0.202049  2.23527 0.982999  0.252928 -0.800676  0.216633 -0.000490434   -0.0018493   0.00183334  -0.782643  -0.222424 -0.0514157  -0.00338664     0.002224 -0.000181641   -0.159563  -0.0288737 -0.00389856 -0.291704 -0.142091  -9.80363 
              58.792   1.24222 -0.638569  -171.105 0.141398  2.22966 0.965276  0.250537 -0.794876  0.198111 -0.000533564  -0.00183765   0.00200502  -0.750609   -0.16681 -0.0685414 -0.00367779  0.00221276 -0.00029026   -0.156521  -0.0273477 -0.00330018 -0.289103 -0.139456  -9.80375 
                58.9   1.27865 -0.741381  -171.058 0.108864  2.23004 0.965962  0.248029 -0.790041  0.199175 -0.000489823   -0.0019828   0.00205946  -0.325409 -0.0370071 -0.0922796  -0.00376542   0.00232901 -0.000335205   -0.152626  -0.0266546 -0.00384509 -0.285807 -0.137221  -9.80388 
              59.008    1.1554 -0.673115  -170.627 0.10756 2.23134 0.97136  0.246432 -0.784635  0.198889 -0.000482481  -0.00206375   0.00203436  -0.109224 -0.0438554 -0.0382165  -0.00370843   0.00233475 -0.000261254   -0.150133  -0.0266823 -0.00461111 -0.283292 -0.135998  -9.80397 
              59.116   1.00553 -0.823328  -169.034 0.125611  2.23288 0.977203 0.244757 -0.78014 0.198353 -0.000511844  -0.00194565   0.00201217    0.102135  -0.0158238 -0.00255083 -0.0037653 0.00237325 -0.0001845   -0.147934  -0.0265953 -0.00508038 -0.281164 -0.134797  -9.80404 
              59.216   1.05317 -0.987474   -167.12 0.154084  2.23979 0.981484  0.242321 -0.775168  0.190262 -0.000587739  -0.00175801   0.00200263  0.041686 -0.100929  0.032962  -0.00387625   0.00243095 -0.000198949  -0.146298 -0.0263251 -0.0052444 -0.279505 -0.133493  -9.80411 
              59.316  0.851227 -0.867807  -165.695 0.128605  2.23062 0.985254  0.241447 -0.771765   0.18664 -0.000600336  -0.00167841   0.00198296 -0.608182 -0.110043 0.0374176  -0.00375815   0.00231399 -0.000166791   -0.145566  -0.0263774 -0.00528745 -0.278551 -0.132985  -9.80414 
              59.424  0.709395 -0.885074  -165.329 0.0733512   2.22531  0.989469  0.239056 -0.767908  0.184177 -0.000584289  -0.00171132   0.00195959  -0.603424 -0.0948052  0.0106377   -0.0037334   0.00230337 -0.000281007  -0.144574 -0.0262344 -0.0053083 -0.277505 -0.132028  -9.80418 
              59.532 0.605343 -0.74011 -165.334 0.0235068   2.21467  0.993232  0.239325 -0.762725  0.182575 -0.000612272  -0.00185783   0.00193927 -0.595894 -0.106139 0.0458049  -0.00366255   0.00221806 -0.000284132   -0.143489  -0.0267219 -0.00533681 -0.275874 -0.131706  -9.80424 
               59.64  0.574106 -0.578738  -165.335 -0.0210782    2.20523   0.995671 0.239973 -0.75731 0.179841 -0.000660518  -0.00200503   0.00191634  -0.366304 -0.0518474 -0.0736972  -0.00367391     0.002151 -0.000289269   -0.142681  -0.0272694 -0.00559787 -0.274392 -0.131534  -9.80428 
              59.752  0.378558 -0.486774  -164.714 -0.0360658    2.19673   0.993034   0.24118 -0.753395  0.175564 -0.00069839  -0.0020648  0.00190909  -0.162828 -0.0679892  -0.109384  -0.00353512   0.00220723 -0.000210984   -0.141869  -0.0281605 -0.00579386 -0.272937 -0.131739  -9.80432 
              59.856   0.22641 -0.664418  -162.386 -0.0590282    2.17727     0.9828  0.240942 -0.750081  0.178328 -0.000704944  -0.00186804   0.00194284 -0.656884 -0.271368 -0.133448  -0.00348901   0.00229077 -0.000169698   -0.139874  -0.0286858 -0.00580369 -0.270917 -0.131105  -9.80438 
              59.956  0.464175 -0.834003  -161.286 -0.100645   2.16606  0.977209  0.240038 -0.747235  0.173005 -0.000800527  -0.00168895   0.00204398  -0.613435  -0.229129 -0.0800251  -0.00367891   0.00244858 -0.000316283     -0.1368  -0.0277812 -0.00620454 -0.268779 -0.128998  -9.80447 
               60.04  0.518653 -0.804509  -161.274 -0.116929   2.16302  0.977435  0.239288 -0.744967  0.172559 -0.00078848 -0.00175658  0.00207611  -0.209199 -0.0802219  -0.131511  -0.00373923   0.00246082 -0.000323451   -0.134377  -0.0274733 -0.00674169 -0.266968 -0.127598  -9.80454 
              60.144  0.445303 -0.611265  -160.336 -0.118248   2.16147  0.972924  0.238767 -0.743054  0.171989 -0.000793257  -0.00175555   0.00206374 -0.00482847  -0.0269816  -0.0881556  -0.00370731   0.00233057 -0.000247098   -0.133196  -0.0274502 -0.00712579 -0.265965 -0.126918  -9.80457 
               60.26 0.261499 -0.64164 -157.106 -0.114494   2.15235  0.979173  0.238438 -0.741447  0.172298 -0.00077924 -0.00162845  0.00206409  -0.299633  -0.344949 -0.0836873  -0.00358952   0.00234353 -0.000193698   -0.132393  -0.0275791 -0.00803027 -0.265222 -0.126521   -9.8046 
               60.36  0.296298 -0.795614  -152.501 -0.154776   2.13145   0.97914  0.236077 -0.738676  0.158988 -0.000972666  -0.00117982   0.00208044  -0.564972  -0.285133 -0.0306126  -0.00354073   0.00240966 -0.000156136   -0.130753  -0.0270685 -0.00842501 -0.264171 -0.124993  -9.80465 
              60.472  0.43579 -1.21224 -151.665 -0.171641   2.13583  0.977857  0.232042 -0.735506  0.156767 -0.000941178   -0.0011321   0.00217709  -0.0478725 -0.00885642  -0.0253388  -0.00358298   0.00275689 -0.000359768    -0.12844   -0.026338 -0.00865767 -0.262871 -0.122803  -9.80471 
              60.568 0.0195915  -0.65326  -149.762 -0.163329   2.13061  0.992333  0.233353 -0.732865  0.154501 -0.00099013 -0.00114695  0.00218683 -0.0097361 -0.0651407  0.0158403  -0.00340289   0.00236405 -7.27594e-05   -0.127944   -0.027027 -0.00957989 -0.261872 -0.122934  -9.80473 
              60.672 -0.0882012  -0.667079   -145.933 -0.150761   2.13575  0.995333  0.230884 -0.728698   0.15111 -0.000979962 -0.000967031   0.00215607  0.0207528 -0.0457243  0.0149776  -0.00334449    0.0023614 -0.000188086    -0.12667  -0.0269859 -0.00966855  -0.26084 -0.121665  -9.80478 
              60.784 -0.298477 -0.631454  -142.644 -0.140908   2.13571   1.00412  0.229868 -0.726386  0.149573 -0.000944623 -0.000871858    0.0021502 -7.18886e-05   -0.0145635     0.017484  -0.00318006   0.00238081 -0.000136166  -0.125764 -0.0271667 -0.0100581 -0.260054 -0.120994  -9.80481 
                60.9 -0.415456 -0.514831  -138.928 -0.136755   2.14139   1.00923  0.227667 -0.724155  0.144947  -0.00093255 -0.000782556   0.00214654 -0.0163447 -0.0307034   0.043686  -0.00307648   0.00240686 -2.99278e-05  -0.124883 -0.0269962 -0.0101829 -0.259606 -0.119987  -9.80483 
                  61 -0.560402 -0.426439  -134.428 -0.130888   2.14333   1.01455   0.22645 -0.721794  0.144261 -0.000889791 -0.000687985   0.00214983 -0.00867148   -0.033984    0.080752 -0.00287578  0.00238283 -0.00019018   -0.12404 -0.0270672  -0.010195 -0.258993 -0.119193  -9.80486 
              61.092 -0.708384 -0.383287  -130.531 -0.132274   2.14426   1.01674  0.224969 -0.720569   0.14329 -0.000898067 -0.000638268   0.00215412 -0.0126711 -0.0529569  0.0505106  -0.00271728   0.00242109 -0.000239859    -0.12379  -0.0267633 -0.00990041 -0.259067 -0.118626  -9.80486 
              61.192 -0.709135 -0.298224  -127.061 -0.149513   2.12187   1.01437  0.223027 -0.717073  0.143578 -0.000839616 -0.000583164   0.00216704 -0.362933 -0.480431 0.0508536  -0.00273801   0.00238141 -0.000246678  -0.123154 -0.0266267 -0.0094072 -0.258736  -0.11762  -9.80488 
                61.3 -0.658835 -0.545035  -125.103 -0.164584   2.10741   1.01142  0.219366 -0.712847   0.14926 -0.000615392 -0.000859449   0.00224581 -0.0887038 -0.0502465  0.0460575  -0.00281214   0.00253254 -0.000541674   -0.121169  -0.0264733 -0.00900902 -0.257991 -0.115499  -9.80493 
              61.404 -0.931468 -0.455899  -123.112 -0.166697   2.10538   1.01618  0.219968 -0.711059  0.145749 -0.000649442 -0.000986515    0.0022544 -0.0797629  -0.036646  0.0431938  -0.00267891   0.00262716 -0.000272441    -0.12075   -0.026928 -0.00907592 -0.257337 -0.115238  -9.80495 
              61.508 -0.908252  -0.37822  -119.054 -0.168431   2.10863   1.01027  0.218741 -0.708869  0.147163 -0.000601218 -0.000991632   0.00225208 -0.0627033 -0.0455235  0.0129308  -0.00271771   0.00261586 -0.000255918   -0.119765  -0.0271506 -0.00849304 -0.256802 -0.114289  -9.80497 
              61.624 -0.852417 -0.118225  -114.566 -0.179764   2.07531   1.00845  0.218453 -0.706087  0.148561 -0.000520038 -0.000901969   0.00222789 -0.282783 -0.584031  0.012327   -0.0027555   0.00248047 -0.000241707   -0.118961   -0.027643 -0.00826772 -0.256061 -0.113528    -9.805 
              61.728  -1.07509 -0.988084  -111.595 -0.196817    2.0404   1.00022  0.215189 -0.702186  0.147074 -0.000418537 -0.000942979   0.00239752 -0.243146 -0.518016 0.0012927  -0.00264729   0.00306433 -0.000768308  -0.116214 -0.0277799 -0.0077093 -0.255308 -0.110871  -9.80505 
               61.82 -0.965038 -0.798318  -111.631 -0.207192   2.00775   1.00099 0.214136 -0.69882  0.14275 -0.000408807  -0.00145864   0.00241129  -0.217817  -0.489627 0.00273389  -0.00277214   0.00302034 -0.000738874  -0.114344  -0.028321 -0.0077477 -0.254387 -0.109146  -9.80509 
              61.928  -1.06927 -0.705566  -111.716 -0.212915   1.98446   1.00811  0.214088 -0.695521  0.140254 -0.000438497  -0.00168996   0.00240209 -0.0462484  -0.035434  0.0265997  -0.00276239    0.0030113 -0.000683772   -0.113966  -0.0285576 -0.00813051 -0.254002 -0.108503  -9.80511 
              62.028  -1.0623 -0.10229 -110.346 -0.215803   1.98672   1.01545 0.215142 -0.69418 0.138685 -0.000513369  -0.00169633    0.0024122 -0.0757951  0.0776944  0.0235645  -0.00272603   0.00270663 -0.000385046   -0.114274  -0.0289457 -0.00842012 -0.253622 -0.108702  -9.80512 
              62.132 -0.873997  0.353852  -106.788 -0.224457   1.96237   1.01914  0.215801 -0.693729  0.140928 -0.000489163  -0.00171467   0.00240522 -0.170782 -0.574333 0.0244165  -0.00282727   0.00242177 -0.000322943   -0.114324  -0.0292752 -0.00844124 -0.253299 -0.108783  -9.80513 
               62.24  -1.13329 -0.406599  -104.809 -0.238797   1.92028   1.01506  0.212852 -0.689542   0.13911 -0.000547248  -0.00151722   0.00253941 -0.160287 -0.535113   0.01244 -0.00272044   0.0028115  -0.0007905   -0.112538  -0.0293797 -0.00808067 -0.253127 -0.106764  -9.80515 
              62.328  -1.22406 -0.385612  -104.811 -0.248382   1.88663   1.01514  0.211398 -0.687801  0.137952 -0.000558781  -0.00167228   0.00258484  -0.148519  -0.512991 0.00390317  -0.00273473   0.00285787 -0.000782463      -0.111  -0.0295758 -0.00799596 -0.252858 -0.105325  -9.80517 
              62.432  -1.1274 -0.16469 -104.805 -0.258558   1.83747   1.01556  0.211409 -0.686879  0.135112 -0.000608323  -0.00177386   0.00257955  -0.138875  -0.524491 0.00904311  -0.00281906   0.00275968 -0.000779551    -0.11037   -0.029987 -0.00794936  -0.25244 -0.104774  -9.80519 
               62.54   -1.10936 -0.0195605   -104.807 -0.258551   1.81283   1.01304  0.210914 -0.686559  0.132766 -0.00063899 -0.00190291  0.00256503 -0.00155104  -0.0879399 -0.00631721   -0.0028841   0.00272486 -0.000772866   -0.109445    -0.03031 -0.00768906 -0.252126 -0.104037  -9.80521 
              62.656 -1.00032 0.351953 -103.744 -0.263009   1.81539   1.01427  0.210964 -0.686711  0.132972 -0.000637039  -0.00190454    0.0025686 -0.0498561   0.108564   0.023969  -0.00296879   0.00249232 -0.000523635   -0.109518  -0.0302775 -0.00767934 -0.252155 -0.104111  -9.80521 
               62.76 -1.14165 0.752412 -100.866 -0.269759    1.7917   1.02218  0.210872 -0.686255   0.13314 -0.000641072  -0.00187281   0.00256052 -0.117256 -0.614321 0.0369589  -0.00290296   0.00220432 -0.000329037   -0.109222  -0.0303553 -0.00797164 -0.252073  -0.10383  -9.80521 
              62.852 -1.26589 0.243924 -99.2934 -0.276945   1.75172   1.02421  0.208791 -0.682937   0.13131 -0.000680169  -0.00167423   0.00265913 -0.0993246  -0.588514  0.0276714  -0.00276392   0.00257096 -0.000826217   -0.107678   -0.030504 -0.00798216 -0.252006 -0.102153  -9.80523 
              62.944 -1.23722 0.381339 -99.4112 -0.285065   1.71067   1.02788  0.207101 -0.681429  0.130569 -0.000682267  -0.00176506   0.00268869 -0.0989606  -0.577093  0.0301187  -0.00284854   0.00255451 -0.000756824   -0.106181  -0.0305311 -0.00807108  -0.25203 -0.100749  -9.80524 
               63.06 -1.16545 0.741155  -99.462 -0.296732   1.65378    1.0322  0.205631 -0.680475  0.130778 -0.000665154  -0.00192025   0.00266609 -0.104321 -0.588981  0.032114  -0.00294736   0.00240247 -0.000728181   -0.104891  -0.0305011 -0.00811804  -0.252113 -0.0995823   -9.80525 
              63.156 -1.40799 0.597469 -99.4557 -0.304911   1.61164   1.03756  0.203989 -0.678514  0.130294 -0.000661432  -0.00211835   0.00268196 -0.0984137  -0.576769  0.0374053  -0.00288401      0.00255 -0.000724038    -0.10333  -0.0305735 -0.00825801  -0.25213 -0.098082  -9.80527 
              63.264 -1.07567 0.664364 -99.4112 -0.311067   1.55728   1.03673  0.203556 -0.677457  0.127509 -0.000694519  -0.00221521   0.00268245 -0.0948376  -0.587396  0.0311244  -0.00312246    0.0025527 -0.000742503   -0.102325  -0.0309952 -0.00801443  -0.251799 -0.0971751   -9.80529 
              63.372 -1.18402 0.417802 -99.4087 -0.317389   1.50206   1.03303   0.20307 -0.676765  0.125499 -0.000724447  -0.00226741   0.00270713  -0.0847656    -0.59294 -0.00330364  -0.00314809    0.0027688 -0.000737183    -0.10134  -0.0313532 -0.00761208 -0.251529 -0.096326   -9.8053 
              63.488 -1.13506 0.305713 -99.3878 -0.324966   1.44216   1.02708  0.202378 -0.675792  0.124108 -0.000747771  -0.00229122    0.0027251  -0.0845355   -0.595076 -0.00236397  -0.00323965   0.00288686 -0.000740842   -0.100346  -0.0316197 -0.00721866  -0.251348 -0.0954247   -9.80531 
              63.596 -0.977996  0.170188  -99.4436 -0.332135   1.39251   1.02208   0.20105 -0.673748  0.122562 -0.000771682  -0.00230795    0.0027427 -0.0886074  -0.576464 0.00844009  -0.00337469   0.00299936 -0.000697744  -0.0988842  -0.0318619 -0.00695502  -0.251226 -0.0940127   -9.80533 
                63.7 -0.866712 0.0654864  -99.3689 -0.34497   1.3492  1.01686 0.198844 -0.67184 0.121214 -0.000791453  -0.00230178   0.00275136   -0.104298   -0.552075 -0.00231064  -0.00347693   0.00309178 -0.000727276  -0.0972384   -0.031636 -0.00675251  -0.251538 -0.0924349   -9.80534 
              63.808 -0.830696 0.0445605  -99.4724 -0.351288   1.29604   1.01408  0.198616 -0.670586  0.120638 -0.000802405  -0.00229554   0.00274431   -0.100083   -0.555653 -0.00215078  -0.00357805   0.00317529 -0.000666821  -0.0965792   -0.032035 -0.00672657  -0.251228 -0.0917857   -9.80535 
                63.9 -0.701367  0.104413  -99.4861 -0.357356   1.25247   1.01153  0.198179 -0.669519  0.120054 -0.000812319  -0.00228921   0.00273012   -0.102487   -0.553171 -0.00472988   -0.0037513    0.0032306 -0.000659464  -0.0958353  -0.0323323 -0.00661618   -0.25101 -0.0910855   -9.80536 
              64.012 -0.628509  0.108509  -99.5304 -0.367621   1.20108     1.011  0.197194 -0.667954  0.119215 -0.000824519  -0.00228631   0.00271554   -0.110959   -0.547997 -0.00331049  -0.00385062   0.00327904 -0.000629805  -0.0948781  -0.0324527 -0.00663046 -0.250969 -0.090139  -9.80537 
               64.12  -0.796406 -0.0314887   -99.5689 -0.375672   1.15051   1.01204  0.196693 -0.666417  0.118752 -0.000834664   -0.0022821   0.00271842    -0.107819    -0.544277 -0.000513746  -0.00382476   0.00341794 -0.000601272  -0.0941428  -0.0327187 -0.00669305   -0.25078 -0.0893883   -9.80539 
              64.228 -0.763287 0.0242562  -99.5145 -0.382001   1.09553   1.01373  0.196866 -0.665321   0.11876 -0.000838431  -0.00227412   0.00271853  -0.103893  -0.555475 0.00271234  -0.00389385   0.00342809 -0.000625178  -0.0937814  -0.0330988 -0.00676808  -0.250457 -0.0890019    -9.8054 
              64.332  -0.916296 -0.0798771   -99.3047 -0.379596   1.04711   1.01348 0.197406 -0.66308   0.1188 -0.000839037  -0.00224611   0.00273241 -0.0796772  -0.547704   0.020799  -0.00385654   0.00352982 -0.000736038  -0.0930453  -0.0339538 -0.00676604  -0.249718 -0.0882222   -9.80542 
              64.452  -0.809838 -0.0270186   -99.3321 -0.379409  0.991772   1.00885  0.197611 -0.661098  0.118631 -0.000846469  -0.00223442   0.00273008 -0.0684209  -0.542616  0.0127615  -0.00402933    0.0035958 -0.000722757  -0.0922428  -0.0346607 -0.00647167  -0.249117 -0.0874077   -9.80545 
              64.556  -0.66973 0.0901745  -99.4667 -0.386878  0.943871   1.00478   0.19681 -0.659878  0.118051 -0.000853103  -0.00224533   0.00272323   -0.078677   -0.543341 -0.00939533  -0.00420014     0.003607 -0.000643752  -0.0915365   -0.034707 -0.00628824   -0.24912 -0.0867024   -9.80545 
              64.676 -0.294115 0.0954615  -99.5628 -0.399186   0.88292   1.00056  0.196326 -0.659366  0.117718 -0.000855003  -0.00225353    0.0027266  -0.107118  -0.552506 0.00427069   -0.0045241   0.00370364 -0.000593192  -0.0911847  -0.0346753 -0.00612182  -0.249169 -0.0863581   -9.80545 
               64.78  -0.551978 -0.0887818   -99.5104 -0.401747  0.858595   1.00114  0.196036 -0.657994  0.117188 -0.000865218  -0.00225284   0.00273689   -0.053731   -0.106839 -0.00194605  -0.00448594   0.00389423 -0.000618972  -0.0904943  -0.0349941 -0.00623892  -0.248927 -0.0856794   -9.80547 
              64.896 -0.540653 -0.102759  -99.5105 -0.396146  0.850864   1.00156 0.196728 -0.65677 0.120351   -0.000873 -0.00224434  0.00274463 -0.0372809  -0.113593 0.00675605  -0.00446715    0.0039704 -0.000576103  -0.0900877  -0.0357787 -0.00628869   -0.24826 -0.0852921   -9.80549 
              65.004 -0.492497 -0.294466   -99.549 -0.394234  0.848059   1.00215  0.196491 -0.655467  0.123076 -0.000884487  -0.00224208   0.00275715 -0.0343836  -0.103103 0.00857762  -0.00447786   0.00406477 -0.000554028 -0.0893413 -0.0361907 -0.0063171  -0.247942 -0.0845976    -9.8055 
                65.1  -0.48702 -0.381758   -99.545 -0.392892  0.848874   1.00269  0.195997 -0.654015   0.12495 -0.000896381  -0.00223931   0.00276534 -0.0326202 -0.0867711  0.0165681  -0.00446669   0.00410008 -0.000555994  -0.0884959  -0.0365087 -0.00635298  -0.247714 -0.0837992   -9.80551 
                65.2 -0.497395 -0.414087  -99.5525 -0.392521  0.849882   1.00448  0.195487 -0.652778   0.12611 -0.000906761  -0.00223721    0.0027662 -0.0335093  -0.073369  0.0114007  -0.00444821   0.00410458 -0.000551226  -0.0877153  -0.0367559 -0.00639125  -0.247542 -0.0830713   -9.80552 
                65.3  -0.50445 -0.386957  -99.5568 -0.39251 0.851516  1.00599  0.195029 -0.651386  0.127021 -0.000916453  -0.00223547   0.00276136 -0.0353626 -0.0622985  0.0048936  -0.00443093   0.00407342 -0.000548106  -0.0870198  -0.0369946 -0.00638631 -0.247374 -0.082389  -9.80553 
              65.404 -0.524921  -0.36708  -99.5671 -0.392861  0.853075   1.00722  0.194668 -0.649959  0.127709 -0.000925075  -0.00223345    0.0027529 -0.0370257  -0.054118  0.0239815    -0.004407    0.0040464 -0.000540534  -0.0864204  -0.0372331 -0.00635695  -0.247198 -0.0817765   -9.80554 
              65.532 -0.543576 -0.316838  -99.5681 -0.394197  0.853595   1.01065  0.194384 -0.648695  0.128054 -0.000933083   -0.0022313   0.00274435 -0.0402972 -0.0518869  0.0508107  -0.00438347   0.00400387 -0.000538301  -0.0858512  -0.0374726 -0.00635442  -0.247018 -0.0812088   -9.80555 
               65.64 -0.590637 -0.280566  -99.5726 -0.39409 0.855674  1.01317   0.19421 -0.647158  0.128165 -0.000941162  -0.00222856   0.00273878 -0.0388408 -0.0471239   0.049908  -0.00434009   0.00396675 -0.000534112  -0.0853119  -0.0377695 -0.00630481  -0.246784 -0.0806362   -9.80556 
               65.76  -0.63396 -0.270856  -99.6037 -0.39448 0.856948  1.01594  0.194095 -0.645765  0.128003 -0.000948694  -0.00222722   0.00273703 -0.0386585 -0.0460966  0.0296536  -0.00430129   0.00394699 -0.000514993  -0.0848304  -0.0380497 -0.00625675   -0.24656 -0.0801247   -9.80557 
              65.868 -0.657584  -0.23149  -99.6079 -0.394151  0.858136   1.01622  0.194072 -0.644309  0.127719 -0.000955046  -0.00222454    0.0027361 -0.0370015 -0.0457335  0.0261274   -0.0042727   0.00390837 -0.000510866  -0.0844241  -0.0383596 -0.00611536  -0.246307 -0.0796658   -9.80558 
              65.968 -0.651073 -0.229345   -99.608 -0.39432 0.858614  1.01557  0.194035 -0.643202  0.127375 -0.000960261  -0.00222216   0.00273684 -0.0371939 -0.0463892  0.0100599  -0.00426269   0.00389268 -0.000509063  -0.0840705  -0.0386146 -0.00599222  -0.246102 -0.0792858   -9.80559 
              66.084 -0.651032 -0.229704  -99.6079 -0.395054  0.857737   1.01456  0.194009 -0.642309  0.126989 -0.000965057  -0.00221964   0.00273781 -0.0383608 -0.0505373 -0.0053032  -0.00425041    0.0038796 -0.000507396  -0.0837221  -0.0388736 -0.00588696  -0.245896 -0.0789373    -9.8056 
              66.184 -0.643414 -0.241637  -99.6046 -0.394577  0.858004   1.01382  0.193944 -0.641468  0.126539 -0.000970626  -0.00221672    0.0027395 -0.0357705 -0.0501038  0.0126502  -0.00424062   0.00387114 -0.000506997  -0.0832919  -0.0391782 -0.00580701   -0.24566 -0.0785387   -9.80561 
              66.288 -0.634974 -0.246535  -99.6045 -0.394358  0.857672   1.01446  0.193869 -0.640726  0.126139 -0.000975848  -0.00221419   0.00274047  -0.034489 -0.0512327  0.0307797  -0.00423291   0.00386112 -0.000505308  -0.0828845  -0.0394625 -0.00573152  -0.245442 -0.0781686   -9.80562 
              66.396 -0.636944 -0.246816  -99.6031 -0.394303  0.857259   1.01495  0.193793 -0.639882  0.125751 -0.000981341  -0.00221189   0.00274125  -0.0346545  -0.0522727 -0.00368879  -0.00421843   0.00384804 -0.000504415   -0.082472  -0.0397349 -0.00564716  -0.245232 -0.0777821   -9.80563 
              66.504 -0.651147 -0.270083  -99.6031 -0.394207  0.857054   1.01442  0.193712 -0.638968  0.125385 -0.000987154   -0.0022098   0.00274254 -0.0334465 -0.0519308 0.00802094  -0.00419687   0.00384762 -0.000502347   -0.082049  -0.0400004 -0.00557588 -0.245026  -0.07738  -9.80563 
               66.62 -0.633875 -0.260354  -99.6015 -0.394241   0.85665   1.01356  0.193621 -0.638079  0.125031 -0.000993107  -0.00220774   0.00274223 -0.0334854 -0.0525546  0.0256215  -0.00419319   0.00382859 -0.000501417  -0.0816055  -0.0402784 -0.00548125  -0.244811 -0.0769678   -9.80564 
              66.712 -0.624796 -0.266271  -99.6009 -0.393301  0.857772   1.01326  0.193519 -0.637168  0.124694 -0.00099938 -0.00220569  0.00274179  -0.0318162  -0.0488082 -0.00873183  -0.00418426   0.00381742 -0.000499283  -0.0811377  -0.0405644 -0.00540732  -0.244593 -0.0765369   -9.80565 
              66.824 -0.625968 -0.268892  -99.6038 -0.393618  0.857086   1.01083  0.193437 -0.636397  0.124434 -0.00100457 -0.00220417  0.00274147  -0.0326656  -0.0505965 -0.00900192  -0.00417214   0.00380835 -0.000495971  -0.0807569  -0.0407929 -0.00537195  -0.244418 -0.0761832   -9.80566 
              66.936 -0.597555 -0.273698  -99.6016 -0.393502  0.856873   1.00886  0.193305 -0.635714  0.124163  -0.0010103 -0.00220228  0.00274097  -0.0328759  -0.0505236 -0.00921993  -0.00417427   0.00379861 -0.000495172  -0.0803058   -0.041064 -0.00533901  -0.244217 -0.0757925   -9.80567 
              67.036 -0.571055 -0.270541  -99.5754 -0.393474  0.856495   1.00774  0.193175 -0.635138  0.123937 -0.00101501 -0.00219981  0.00274027 -0.0329195 -0.0509162 0.00499465  -0.00417525    0.0037847 -0.000507844  -0.0799104  -0.0412996 -0.00535273  -0.244046 -0.0754534   -9.80567 
              67.128 -0.562762 -0.283967  -99.5724 -0.393195  0.856539   1.00866   0.19303 -0.634561  0.123707 -0.00101984 -0.00219782  0.00274029 -0.0326094 -0.0499977 -0.0190289  -0.00416762   0.00378154 -0.000508315  -0.0795124  -0.0415264 -0.00540201  -0.243884 -0.0751122   -9.80568 
              67.236 -0.560907 -0.277111  -99.5707 -0.393644  0.855685   1.00842   0.19291 -0.633924  0.123475 -0.00102462 -0.00219627  0.00274005  -0.0339953  -0.0515652 -0.00475482  -0.00415744   0.00376686 -0.000508238  -0.0791386  -0.0417387 -0.00541482  -0.243728 -0.0747814   -9.80569 
              67.352 -0.561596 -0.288899  -99.5675 -0.39408 0.855024  1.00839  0.192778 -0.633172  0.123207 -0.00103009 -0.00219473  0.00274043     -0.035 -0.0518463 0.00304816 -0.00414396  0.00375981 -0.00050832  -0.0787174  -0.0419759 -0.00542824  -0.243554 -0.0744053   -9.80569 
              67.448 -0.565525 -0.298707   -99.566 -0.393478  0.855963   1.00933  0.192648 -0.632318  0.122914 -0.00103613 -0.00219314  0.00274088 -0.0328714 -0.0479641  0.0235916  -0.00412834   0.00375007 -0.000506658  -0.0782611  -0.0422368 -0.00543675  -0.243362 -0.0739947    -9.8057 
              67.548 -0.572322 -0.283896  -99.5684 -0.393402  0.856206   1.01077  0.192554 -0.631511  0.122658 -0.00104141 -0.00219191  0.00274078 -0.0330419 -0.0471606 0.00480148  -0.00411341   0.00373004 -0.000503237  -0.0778744  -0.0424597 -0.00544102  -0.243195 -0.0736379   -9.80571 
              67.664 -0.599294 -0.300713  -99.5928 -0.393775   0.85654   1.01131 0.192432 -0.63058 0.122363 -0.00104742 -0.00219166  0.00274164 -0.0333426 -0.0457958 0.00558842  -0.00408618   0.00372835 -0.000488051  -0.0774534  -0.0426796 -0.00543992  -0.243031 -0.0732425   -9.80572 
              67.772 -0.600768 -0.281985  -99.5957 -0.393472  0.857437   1.01202  0.192346 -0.629683  0.122087 -0.00105337 -0.00219035  0.00274129 -0.0327985 -0.0438956 -0.0144748  -0.00407157   0.00370512 -0.000484707  -0.0770217  -0.0429328 -0.00540203   -0.24284 -0.0728474   -9.80572 
              67.868 -0.605601 -0.262929   -99.599 -0.392944  0.858392   1.01116  0.192293 -0.628857  0.121845 -0.0010586 -0.0021887 0.00274047 -0.0306295 -0.0421927  0.0244919  -0.00405638   0.00368265 -0.000481103  -0.0766383  -0.0431684 -0.00537179  -0.242661 -0.0724951   -9.80573 
              67.968 -0.598614 -0.254098  -99.6019 -0.392773  0.858479   1.01207  0.192237 -0.628234  0.121646 -0.00106301 -0.00218698  0.00273983 -0.0307387 -0.0431837 0.00512516  -0.00404913   0.00366747 -0.000477962 -0.0762969 -0.0433838 -0.0053578  -0.242501 -0.0721957   -9.80574 
              68.064 -0.606365 -0.249547  -99.6023 -0.392572  0.858622   1.01233 0.192184 -0.62759 0.121445  -0.0010673 -0.00218518  0.00273964  -0.0303213  -0.0434997 -0.00168563   -0.0040328   0.00365441 -0.000476626  -0.0759634  -0.0435907 -0.00532818  -0.242347 -0.0718998   -9.80574 
              68.168 -0.608623 -0.246832  -99.6026 -0.392716  0.858231   1.01184   0.19213 -0.626971   0.12125 -0.00107142  -0.0021834  0.00273972  -0.0308163   -0.045182 -0.00215942  -0.00401954   0.00364224 -0.000475733   -0.075639   -0.043791 -0.00528969  -0.242197 -0.0716134   -9.80575 
              68.272 -0.602694 -0.246687  -99.6043 -0.392741  0.857922   1.01131  0.192054 -0.626354  0.121041  -0.0010758 -0.00218163  0.00273995  -0.0308769  -0.0463169 -0.00190494  -0.00401097   0.00362923 -0.000473257  -0.0752874  -0.0440027 -0.00527467  -0.242042 -0.0713095   -9.80575 
               68.38  -0.59548 -0.249893  -99.6033 -0.392733  0.857541   1.01148  0.191958 -0.625752   0.12082 -0.00108034  -0.0021798   0.0027403  -0.0309161    -0.04728 -0.00128059  -0.00400328   0.00361824 -0.000472171  -0.0749125  -0.0442251 -0.00527062  -0.241882 -0.0709923   -9.80576 
              68.472 -0.605562 -0.270831  -99.6101 -0.391172  0.858088   1.01198   0.19192 -0.625055  0.120609 -0.00108531 -0.00217758  0.00274143 -0.0271168 -0.0452386 -0.0265626  -0.00398511   0.00361711 -0.000466996  -0.0745213  -0.0445098 -0.00528025 -0.241674 -0.070659  -9.80577 
               68.58 -0.594182 -0.253246  -99.6122 -0.390765  0.857537   1.01067  0.191852 -0.624433  0.120405 -0.00108973 -0.00217596  0.00274122  -0.0271474  -0.0468513 -0.00709462   -0.0039808   0.00359592 -0.000464839  -0.0741687  -0.0447349 -0.00525078  -0.241511 -0.0703572   -9.80577 
               68.68 -0.580008 -0.264106  -99.6115 -0.390224  0.857682   1.00926  0.191732 -0.623822  0.120169 -0.00109448 -0.00217436   0.0027413 -0.0272446 -0.0458298 -0.0264357  -0.00397639   0.00358879 -0.000463582  -0.0737739  -0.0449585 -0.00523821  -0.241352 -0.0700274   -9.80578 
              68.784 -0.557702 -0.270521  -99.6128 -0.390258  0.857551   1.00646  0.191583 -0.623283  0.119932 -0.00109902 -0.00217309  0.00274135  -0.0282827  -0.0455483 0.000397234  -0.00397773   0.00358031 -0.000461304  -0.0733873  -0.0451553 -0.00523589  -0.241215 -0.0697101   -9.80579 
              68.884 -0.522646 -0.273762  -99.5905 -0.390253  0.856788   1.00625  0.191458 -0.622879  0.119743 -0.00110271 -0.00217096  0.00274097 -0.0295058 -0.0469878 0.00252065  -0.00398594   0.00356996 -0.000472324  -0.0730464  -0.0453591 -0.00528114  -0.241077 -0.0694414   -9.80579 
                  69 -0.520897 -0.287586  -99.5866 -0.390811  0.855587   1.00771   0.19132 -0.622391  0.119521  -0.0011068 -0.00216921  0.00274117 -0.0321392 -0.0489388 -0.0210232  -0.00397543   0.00356616 -0.000472921  -0.0726823  -0.0455558 -0.00533867 -0.240943 -0.069147   -9.8058 
              69.108 -0.531273 -0.296499  -99.5824 -0.390844  0.855664    1.0078  0.191196 -0.621659  0.119256  -0.0011118 -0.00216755  0.00274166   -0.0321694   -0.0469759 -0.000384096  -0.00395631   0.00355757 -0.000473304 -0.0722728 -0.0457794 -0.0053468  -0.240784 -0.0687965    -9.8058 
              69.204 -0.538971  -0.31347  -99.5832 -0.390567   0.85629    1.0081  0.191093 -0.620928  0.119004 -0.00111665 -0.00216625  0.00274241 -0.0310867 -0.0439378 0.00788267   -0.0039394   0.00355489 -0.000471042  -0.0718854  -0.0459936 -0.00538143  -0.240632 -0.0684618   -9.80581 
              69.312 -0.535069 -0.296922  -99.5838 -0.390849  0.856102   1.00882  0.191008 -0.620275  0.118785  -0.0011211 -0.00216509  0.00274201 -0.0320281 -0.0440397  0.0156932  -0.00393071   0.00353477 -0.000469325  -0.0715331  -0.0461962 -0.00539722  -0.240488 -0.0681602   -9.80581 
              69.416 -0.545309 -0.293858  -99.5833 -0.390838  0.856363   1.00989  0.190938 -0.619567  0.118559 -0.00112574 -0.00216381  0.00274163 -0.0319255 -0.0428195 0.00994357  -0.00391264   0.00352077 -0.000467919 -0.0711691 -0.0464109 -0.0053992  -0.240333 -0.0678462   -9.80582 
               69.52 -0.560807 -0.296448  -99.6064 -0.390681  0.857467   1.01078  0.190843 -0.618758  0.118297 -0.00113111 -0.00216339  0.00274161  -0.0314123  -0.0397129 -0.00268507  -0.00389246   0.00350998 -0.000453017  -0.0707664  -0.0466282 -0.00539096  -0.240177 -0.0674954   -9.80583 
              69.624 -0.573618  -0.27808  -99.6097 -0.390615  0.858073   1.00922  0.190794 -0.618039  0.118082 -0.00113572 -0.00216233  0.00274107 -0.0303389 -0.0388371  0.0238559  -0.00387379   0.00348846 -0.000449516  -0.0704159  -0.0468379 -0.00537942 -0.240025 -0.067191  -9.80583 
              69.732 -0.562094 -0.272052   -99.612 -0.390547  0.858155   1.01006 0.190724 -0.61751 0.117898  -0.0011399 -0.00216084  0.00274053 -0.0302796 -0.0396723  0.0121426  -0.00386865   0.00347429 -0.000446941  -0.0700716  -0.0470562 -0.00539921  -0.239873 -0.0669133   -9.80584 
              69.844 -0.569091 -0.266981  -99.6129 -0.390544  0.858002   1.01115 0.190667 -0.61695 0.117714 -0.00114396 -0.00215913  0.00274037  -0.030678 -0.0410121 -0.0196789  -0.00385263   0.00345957 -0.000445108  -0.0697334  -0.0472728 -0.00540244   -0.23972 -0.0666372   -9.80584 
              69.948 -0.579192 -0.265924  -99.6123 -0.390333  0.858231   1.01076  0.190613 -0.616336   0.11752 -0.00114806  -0.0021573  0.00274054 -0.0298885  -0.040834 -0.0193179   -0.0038347    0.0034462 -0.000443904  -0.0693926  -0.0474851 -0.00539066  -0.239569 -0.0663537   -9.80585 
              70.048 -0.579938 -0.267443  -99.6131 -0.390091  0.858361   1.00939  0.190554 -0.615791   0.11734 -0.00115192 -0.00215556  0.00274077  -0.0289272  -0.0407604 -0.00580728  -0.00382283   0.00343527 -0.000442079  -0.0690637  -0.0476922 -0.00538179  -0.239424 -0.0660864   -9.80585 
              70.152  -0.56245 -0.267326  -99.6129 -0.389999  0.858118   1.00914  0.190469 -0.615333  0.117165 -0.00115565 -0.00215392  0.00274083 -0.0285633 -0.0416409  0.0153136   -0.0038219   0.00342397 -0.000440807 -0.0687337 -0.0478969 -0.0054062  -0.239285 -0.0658282   -9.80586 
              70.252 -0.554867 -0.278022  -99.6141 -0.389677  0.858156   1.00902  0.190381 -0.614851  0.116982 -0.00115953  -0.0021523  0.00274119 -0.0285342 -0.0412467 -0.0164308  -0.00381473   0.00341834 -0.000438624  -0.0683912  -0.0481099 -0.00541499   -0.23914 -0.0655602   -9.80587 
              70.344 -0.550668 -0.278507  -99.6144 -0.389255  0.858472   1.00977  0.190295 -0.614349  0.116795 -0.00116335 -0.00215084  0.00274136 -0.0274142 -0.0400932 0.00429158  -0.00380633   0.00340746 -0.000437029  -0.0680584  -0.0483097 -0.00542969  -0.239004 -0.0652962   -9.80587 
              70.464 -0.558106 -0.275782  -99.6154 -0.389891  0.857427   1.00943  0.190229 -0.613824  0.116618 -0.00116691 -0.00214958   0.0027414 -0.0295391 -0.0427788  0.0049727  -0.00379174   0.00339579 -0.000435277  -0.0677574  -0.0484886 -0.00542284   -0.23888 -0.0650503   -9.80588 
               70.54 -0.562847 -0.295384  -99.6138 -0.38885 0.858884  1.00981   0.19014 -0.613203  0.116399 -0.00117122 -0.00214807  0.00274204 -0.0260737 -0.0378348   0.019303  -0.00377603   0.00339358 -0.000434201  -0.0673893  -0.0487003 -0.00544771 -0.238734 -0.064752  -9.80588 
               70.66  -0.56328 -0.280946  -99.6175 -0.389612   0.85764   1.01323  0.190078 -0.612741  0.116239 -0.00117444 -0.00214703  0.00274179  -0.028176 -0.0416257  0.0532565  -0.00376736   0.00337741 -0.000431231  -0.0671162  -0.0488601 -0.00545852  -0.238624 -0.0645313   -9.80588 
              70.756 -0.588921 -0.282151  -99.6144 -0.390126  0.858655   1.01637  0.189928 -0.611975  0.115972 -0.00117878 -0.00214629  0.00274175 -0.0294714  -0.038469  0.0267648  -0.00373967   0.00336474 -0.000431161  -0.0667621  -0.0490007 -0.00542672 -0.238527 -0.064222  -9.80589 
              70.868  -0.64671 -0.270171   -99.615 -0.390314  0.858201   1.01954 0.189988  -0.6112 0.115811 -0.00118234 -0.00214469  0.00274191 -0.0283018 -0.0401064  0.0445921 -0.00369651  0.00334743 -0.00042957  -0.0665019  -0.0491854 -0.00534251  -0.238387 -0.0639803   -9.80589 
              70.968  -0.7039 -0.25917 -99.6025 -0.391554  0.858248   1.02217  0.189875 -0.610468  0.115594 -0.00118577 -0.00214383  0.00274175 -0.0292355 -0.0402637  0.0491432  -0.00365368   0.00332931 -0.000434572  -0.0662353  -0.0492839 -0.00525567  -0.238316 -0.0637313    -9.8059 
              71.064 -0.728779 -0.230029   -99.599 -0.39227 0.858527  1.02275  0.189859 -0.609706  0.115406 -0.00118917 -0.00214255  0.00274113 -0.0293753 -0.0399495   0.044519  -0.00362988   0.00330328 -0.000435122  -0.0659661  -0.0494206 -0.00508537   -0.23821 -0.0634821    -9.8059 
              71.168  -0.74434 -0.222306  -99.5979 -0.392851  0.858293   1.02402  0.189889 -0.609014  0.115244 -0.00119246 -0.00214122  0.00274078 -0.0283499 -0.0410023  0.0535195  -0.00361036   0.00328965 -0.000434783  -0.0657022   -0.049575 -0.00493164  -0.238091 -0.0632466   -9.80591 
              71.272 -0.764839 -0.223579  -99.5967 -0.392993   0.85823   1.02381  0.189939 -0.608318  0.115081 -0.00119601 -0.00213986  0.00274085 -0.0268005 -0.0411597  0.0289078  -0.00358849   0.00327961 -0.000433866  -0.0654177  -0.0497497 -0.00475018  -0.237957 -0.0629998   -9.80591 
              71.364 -0.762644 -0.224474  -99.5965 -0.392496  0.858708   1.02277  0.189971 -0.607694   0.11492  -0.0011997 -0.00213866  0.00274118 -0.0243939 -0.0396261 0.00460073  -0.00357936    0.0032696 -0.000432475  -0.0651166  -0.0499354 -0.00458267  -0.237818 -0.0627511   -9.80592 
              71.468 -0.766051 -0.249667  -99.5998 -0.392349  0.858248    1.0233  0.189963 -0.607218  0.114774 -0.00120303 -0.00213779  0.00274207 -0.0215636 -0.0407017   0.041309  -0.00356755   0.00327473 -0.000429466  -0.0648421  -0.0500989 -0.00448138  -0.237701 -0.0625339   -9.80592 
              71.568 -0.768608 -0.256712  -99.5991 -0.391931  0.858213   1.02326  0.189923 -0.606725  0.114603 -0.00120661 -0.00213692  0.00274269 -0.0197569 -0.0404341  0.0251182  -0.00355573   0.00326746 -0.000428325  -0.0645381  -0.0502649 -0.00436378  -0.237584 -0.0622961   -9.80592 
              71.676 -0.742851 -0.241775  -99.6004 -0.392474  0.858329   1.02313  0.189786 -0.606239  0.114374 -0.00121027 -0.00213679  0.00274238 -0.0212132 -0.0401614  0.0216993  -0.00356003   0.00324887 -0.000426253  -0.0642047   -0.050377 -0.00423418  -0.237508 -0.0620359   -9.80593 
              71.768 -0.741451 -0.236342  -99.6023 -0.392364   0.85907   1.02184  0.189677 -0.605714  0.114158 -0.00121392 -0.00213633  0.00274176 -0.019991 -0.038127 0.0447948  -0.00354942   0.00323479 -0.000423997  -0.0638784  -0.0505133 -0.00412009  -0.237414 -0.0617787   -9.80593 
              71.872 -0.734491 -0.235252  -99.6041 -0.392465  0.858815   1.02289  0.189594 -0.605286  0.113982 -0.00121709 -0.00213575  0.00274128 -0.0204048 -0.0393205  0.0227246  -0.00354442   0.00322437 -0.000421585  -0.0635939   -0.050647 -0.00402379  -0.237324 -0.0615594   -9.80594 
               71.98 -0.741263  -0.23202  -99.6036 -0.392536  0.858596   1.02266  0.189513 -0.604743  0.113791 -0.00122044 -0.00213505  0.00274093 -0.0200618 -0.0400924  0.0200084  -0.00353042   0.00321172 -0.000420412  -0.0633042   -0.050783 -0.00391883   -0.23723 -0.0613254   -9.80594 
              72.064 -0.754267 -0.264634  -99.6068 -0.392096  0.859371   1.02286  0.189412 -0.604224   0.11359  -0.0012239 -0.00213442  0.00274183 -0.0173283 -0.0372744    0.05138 -0.00351219  0.00321904 -0.00041712  -0.0630048  -0.0509123 -0.00386326  -0.237143 -0.0610875   -9.80594 
              72.172 -0.741122 -0.231317  -99.6069 -0.392194  0.858775   1.02599  0.189341 -0.603769  0.113426 -0.00122678 -0.00213382  0.00274115 -0.0178612 -0.0397297  0.0615688  -0.00351062    0.0031913 -0.000416452   -0.062747  -0.0510332 -0.00375238  -0.237061 -0.0608832   -9.80595 
               72.28 -0.769695 -0.223275  -99.6055 -0.392302  0.858684   1.02741  0.189264 -0.603061  0.113221 -0.00123011 -0.00213313   0.0027406 -0.0181101 -0.0400225  0.0502685  -0.00348314   0.00317486 -0.000415947  -0.0624752  -0.0511529 -0.00358289 -0.236975 -0.060644  -9.80595 
              72.392 -0.790521 -0.221826  -99.6059 -0.392438   0.85861   1.02884  0.189202 -0.602302  0.113016 -0.00123354 -0.00213242   0.0027405 -0.0181365 -0.0402005  0.0446889 -0.00346067  0.00316219 -0.00041414  -0.0622028   -0.051274 -0.00338688 -0.236887   -0.0604  -9.80595 
                72.5 -0.826045 -0.217674  -99.6071 -0.391973  0.858902   1.03076  0.189177 -0.601498  0.112813 -0.00123713 -0.00213136  0.00274069 -0.0160097 -0.0397233  0.0398511  -0.00343079   0.00314802 -0.000411649  -0.0619185   -0.051413 -0.00321688  -0.236785 -0.0601462   -9.80596 
              72.616  -0.87741 -0.234355  -99.6089 -0.390919  0.858321   1.03109  0.189244 -0.600779  0.112671 -0.00124043 -0.00213006  0.00274179 -0.0118358 -0.0413009  0.0350399  -0.00339367   0.00314661 -0.000408684   -0.061671   -0.051571 -0.00304824  -0.236665 -0.0599277   -9.80596 
               72.74 -0.852456  -0.20466  -99.6069 -0.390134  0.857899    1.0294  0.189243 -0.600139  0.112495 -0.00124378 -0.00212921  0.00274132 -0.0111204 -0.0426116  0.0270463   -0.0033966   0.00312027 -0.000408454  -0.0613735   -0.051717 -0.00277712  -0.236557 -0.0596853   -9.80597 
              72.844 -0.857948 -0.263861  -99.6078 -0.389369  0.858464   1.02786  0.189166 -0.599601  0.112293 -0.00124748 -0.00212877  0.00274303 -0.00958642   -0.039477    0.021221 -0.00338183  0.00314145 -0.00040593  -0.0610594  -0.0518332 -0.00257966  -0.236474 -0.0594407   -9.80597 
               72.96 -0.784736 -0.241859  -99.6091 -0.390356  0.858543   1.02414  0.189014 -0.599176  0.112062  -0.0012506 -0.00212952  0.00274333 -0.0148207 -0.0389863  0.0138948  -0.00341207   0.00311982 -0.000404167  -0.0607602  -0.0518777 -0.00233096  -0.236441 -0.0592121   -9.80597 
              73.064 -0.749253 -0.254336  -99.6093 -0.390819  0.859056   1.02091  0.188888 -0.598787  0.111847 -0.00125376  -0.0021297  0.00274328 -0.0175887 -0.0369951 -0.0109088  -0.00342013   0.00311558 -0.000402811  -0.0604547  -0.0519589 -0.00215423  -0.236386 -0.0589866   -9.80597 
              73.192 -0.720256 -0.262791  -99.6095 -0.391472  0.858204   1.01898   0.18879 -0.598453  0.111671 -0.00125659 -0.00212942    0.002743 -0.0194547 -0.0391543 0.00191503  -0.00342646   0.00310956 -0.000401235  -0.0601785  -0.0520629 -0.00204751  -0.236318 -0.0587875   -9.80598 
              73.288  -0.71377 -0.302479  -99.6093 -0.391048  0.859033   1.01843 0.188663 -0.59807 0.111466 -0.00125987 -0.00212881  0.00274378 -0.0170153 -0.0356846  0.0407385  -0.00341843   0.00311835 -0.000399273  -0.0598577  -0.0521908 -0.00202462  -0.236238 -0.0585578   -9.80598 
                73.4 -0.689277 -0.276147  -99.6102 -0.39103 0.858769  1.01954 0.188573 -0.59772 0.111303 -0.00126261  -0.0021282  0.00274298 -0.0182867 -0.0367554  0.0193242  -0.00342274   0.00309398 -0.000398045  -0.0595875  -0.0523143 -0.00195572  -0.236159 -0.0583633   -9.80598 
              73.524 -0.701688 -0.274205  -99.6084 -0.391294  0.858225   1.01958  0.188494 -0.597218  0.111127 -0.00126552 -0.00212755  0.00274249 -0.0191091 -0.0380179  0.0171522  -0.00340545   0.00308104 -0.000397444  -0.0593235  -0.0524338 -0.00187338   -0.23608 -0.0581577   -9.80599 
              73.628  -0.71849 -0.302721  -99.6093 -0.390971  0.858808   1.02152  0.188399 -0.596678  0.110931 -0.00126873 -0.00212691  0.00274306  -0.017574 -0.0355311  0.0163998  -0.00338488   0.00308405 -0.000395021  -0.0590336   -0.052556 -0.00184001 -0.236001 -0.057933  -9.80599 
              73.756 -0.720049 -0.265012  -99.6089 -0.391302  0.858285   1.02095   0.18834 -0.596122  0.110762 -0.00127152  -0.0021262  0.00274217  -0.01882 -0.037519 0.0131451  -0.00337409   0.00305281 -0.000394231 -0.0587803 -0.0526726 -0.0017236  -0.235922 -0.0577299   -9.80599 
              73.884 -0.716087  -0.26984  -99.6068 -0.391352  0.858215   1.01968  0.188274 -0.595572  0.110579 -0.00127469 -0.00212543  0.00274205 -0.0184536 -0.0373552  0.0362138  -0.00336449   0.00304289 -0.000393697  -0.0584866  -0.0528068 -0.00161339  -0.235833 -0.0575045     -9.806 
              73.988  -0.70535 -0.272622  -99.6072 -0.390759  0.859076   1.01988    0.1882 -0.595096  0.110401 -0.00127789 -0.00212467  0.00274216 -0.0175917 -0.0348929  0.0141817  -0.00335832   0.00303184 -0.000392126  -0.0581796  -0.0529485 -0.00152888   -0.23574 -0.0572798     -9.806 
              74.112 -0.706645 -0.268363   -99.609 -0.390913  0.858547    1.0196  0.188147 -0.594672  0.110253 -0.00128052 -0.00212406  0.00274222 -0.0182569 -0.0366363  0.0182605  -0.00334805    0.0030188 -0.000389863  -0.0579309   -0.053065 -0.00143916  -0.235663 -0.0570948     -9.806 
              74.208 -0.720212 -0.298948  -99.6098 -0.390458  0.859271   1.02007  0.188061 -0.594245  0.110081 -0.00128345  -0.0021235  0.00274316 -0.0163264 -0.0339074  0.0239308  -0.00332939   0.00302324 -0.000387625  -0.0576519  -0.0531818 -0.00140437  -0.235589 -0.0568913   -9.80601 
              74.336 -0.707025 -0.267455  -99.6095 -0.390751  0.858429   1.02119  0.188005 -0.593864   0.10994 -0.00128588 -0.00212285  0.00274264 -0.0182637 -0.0367884 0.00171034  -0.00332752   0.00299613 -0.000387157  -0.0574117  -0.0532919 -0.00131047  -0.235517 -0.0567164   -9.80601 
              74.452 -0.734503 -0.297723  -99.6099 -0.390693  0.858573   1.02098  0.187922 -0.593373  0.109761 -0.00128885 -0.00212223  0.00274325 -0.0166477 -0.0354836  0.0326672  -0.00330099    0.0029998 -0.000385003 -0.0571342 -0.0534053 -0.0012457  -0.235444 -0.0565086   -9.80601 
               74.54  -0.71957 -0.273022  -99.6086 -0.390049  0.859686   1.02171  0.187855 -0.592929  0.109597 -0.00129168  -0.0021215  0.00274276 -0.0157291  -0.032439  0.0291427  -0.00329905   0.00297507 -0.000384315  -0.0568533  -0.0535311 -0.00112818  -0.235362 -0.0563053   -9.80601 
              74.656 -0.723668 -0.254952  -99.6107 -0.390328  0.859088    1.0226  0.187817 -0.592502  0.109468 -0.00129386 -0.00212099  0.00274212 -0.0170178  -0.034853   0.025959  -0.00328856   0.00295672 -0.000382279  -0.0566473  -0.0536264 -0.00101771 -0.235298 -0.056147  -9.80602 
              74.768 -0.737737 -0.257738  -99.6107 -0.390209  0.859083   1.02223 0.187782 -0.59199 0.109318  -0.0012965 -0.00212031  0.00274204 -0.016589 -0.034731 0.0221757  -0.00327042   0.00294727 -0.000380844   -0.0564037   -0.0537415 -0.000890349 -0.235221  -0.05596  -9.80602 
              74.872 -0.749567 -0.265597  -99.6217 -0.39043 0.859466  1.02157  0.187694 -0.591547  0.109145 -0.00129919  -0.0021202  0.00274238 -0.0168325 -0.0335602  0.0188302  -0.00325396   0.00294094 -0.000373354   -0.0561474   -0.0538271 -0.000777758  -0.235165 -0.0557702   -9.80602 
              74.984  -0.74607 -0.262952  -99.6225 -0.390635  0.859309   1.02126  0.187626 -0.591168  0.108996 -0.00130168 -0.00211983  0.00274255 -0.0169592 -0.0342994  0.0162773  -0.00324667   0.00292988 -0.000371715   -0.0559039    -0.053923 -0.000689926  -0.235103 -0.0555956   -9.80602 
              75.084  -0.74226 -0.265198  -99.6219 -0.390428   0.85962   1.02072  0.187558 -0.590801  0.108847 -0.00130426 -0.00211925  0.00274272  -0.0165338  -0.0334778 -0.00584401  -0.00323891   0.00292078 -0.000370692    -0.055646   -0.0540312 -0.000605616  -0.235035 -0.0554151   -9.80603 
              75.204 -0.737161  -0.26275  -99.6225 -0.390604  0.858981   1.01955   0.18749 -0.590474  0.108709 -0.00130663 -0.00211869  0.00274272 -0.0164472 -0.0354589 0.00542618  -0.00323288   0.00291041 -0.000369269   -0.0554046   -0.0541334 -0.000540947  -0.234971 -0.0552482   -9.80603 
              75.316 -0.740533  -0.30203  -99.6235 -0.390339  0.858904   1.02051  0.187386 -0.590177   0.10855 -0.00130926 -0.00211809  0.00274365 -0.0149235 -0.0347942 0.00552918  -0.00322029   0.00292156 -0.000367245   -0.0551251   -0.0542443 -0.000538413  -0.234905 -0.0550626   -9.80603 
               75.44 -0.748802 -0.305468  -99.6238 -0.390292  0.858461   1.02029 0.187281 -0.58985 0.108385 -0.00131187 -0.00211757  0.00274402  -0.014732 -0.0355459 -0.0147133  -0.00320536   0.00291293 -0.000365968   -0.0548508   -0.0543461 -0.000512086  -0.234844 -0.0548771   -9.80603 
              75.552 -0.727587 -0.286662  -99.6201 -0.390107  0.858855   1.01805  0.187166 -0.589494  0.108204 -0.00131466 -0.00211703  0.00274333 -0.0146186 -0.0341756 0.00233424  -0.00320645   0.00289061 -0.000366434   -0.0545491    -0.054454 -0.000424308  -0.234778 -0.0546739   -9.80604 
              75.668 -0.710229 -0.342728  -99.6349 -0.388473     0.859   1.01499  0.187149 -0.589121  0.108109 -0.00131762 -0.00211617  0.00274406 -0.0120953 -0.0319512 -0.0211493 -0.00320619  0.00291117 -0.00035654   -0.0542772   -0.0546505 -0.000297262  -0.234658 -0.0544943   -9.80604 
              75.768 -0.668726  -0.35598  -99.6392 -0.387216  0.859591   1.01181  0.187092 -0.588792  0.107989 -0.00132024 -0.00211563  0.00274415 -0.0105022 -0.0291914 0.00286994  -0.00321892   0.00290807 -0.000352699    -0.054019    -0.054797 -0.000224457  -0.234569 -0.0543234   -9.80604 
               75.88 -0.62622 -0.35397 -99.6304 -0.384515  0.860108    1.0117  0.187071 -0.588454  0.107909 -0.00132281 -0.00211391  0.00274307 -0.00744755  -0.0277182  -0.0173977  -0.00323359   0.00289843 -0.000356431   -0.0537468   -0.0550213 -0.000199713  -0.234437 -0.0541497   -9.80605 
              75.984 -0.611375 -0.313958  -99.6517 -0.385084  0.860954    1.0101  0.186882 -0.588167   0.10769 -0.00132501 -0.00211452  0.00274149 -0.0118028 -0.0264785 0.00871991 -0.00323161  0.00286612 -0.00034362   -0.0534906   -0.0550332 -0.000191259  -0.234433 -0.0539743   -9.80605 
              76.104 -0.588104 -0.270257  -99.6549 -0.385916  0.860843   1.01133  0.186733 -0.587939  0.107511 -0.00132717 -0.00211459  0.00274003 -0.0164517 -0.0292495   0.017549  -0.00323547   0.00283225 -0.000341119   -0.0532552   -0.0550682 -0.000255302  -0.234415 -0.0538185   -9.80605 
              76.224 -0.598604 -0.249803  -99.6381 -0.384485  0.861316   1.01219  0.186702 -0.587518  0.107384 -0.00132989 -0.00211289   0.0027391 -0.0149991 -0.0300947  -0.013149  -0.00321899   0.00280957 -0.000349447   -0.0529727   -0.0552473 -0.000313649  -0.234309 -0.0536294   -9.80605 
              76.336  -0.60476 -0.254208  -99.6569 -0.385818  0.861087   1.01335  0.186551 -0.587279  0.107207 -0.00133192 -0.00211322  0.00273923  -0.018863 -0.0316595   0.039968   -0.0032051    0.0028008 -0.000337441   -0.0527539   -0.0552649 -0.000330034  -0.234301 -0.0534821   -9.80606 
              76.468 -0.622276 -0.250475  -99.6533 -0.387236  0.860162   1.01646  0.186443 -0.586969  0.107053 -0.00133409   -0.002113  0.00273987 -0.0227916 -0.0349122  0.0209774  -0.00318513   0.00278836 -0.000338388   -0.0525291   -0.0553268 -0.000341183  -0.234265 -0.0533287   -9.80606 
              76.576 -0.670362  -0.30916  -99.6483 -0.38761 0.859588  1.01788  0.186429 -0.586591  0.106955 -0.00133611  -0.0021122  0.00274205 -0.0218902 -0.0346905  0.0200973  -0.00314674   0.00280909 -0.000339381   -0.0523382   -0.0554301 -0.000307117    -0.2342 -0.0531926   -9.80606 
               76.68 -0.690862 -0.324554  -99.6447 -0.387784  0.859374   1.01811  0.186417 -0.586193  0.106853 -0.00133823 -0.00211134   0.0027436 -0.0209451 -0.0337234  0.0184548  -0.00312566     0.002808 -0.000340212  -0.0521327  -0.0555408 -0.00024926   -0.23413 -0.0530475   -9.80606 
              76.796 -0.680716 -0.306645  -99.6409 -0.388026  0.858948   1.01689 0.186418 -0.58581 0.106758 -0.00134036 -0.00211038  0.00274357  -0.0213972  -0.0337943 -0.00416499  -0.00312224   0.00278854 -0.000341393   -0.0519144   -0.0556669 -0.000147343  -0.234051 -0.0528985   -9.80606 
              76.932 -0.687955  -0.33849  -99.6414 -0.388354  0.858215   1.01718   0.18638 -0.585477  0.106645 -0.00134271 -0.00210963  0.00274385 -0.0202323 -0.0337347   0.014642  -0.00310885   0.00279564 -0.000339371    -0.051664   -0.0557988 -0.000114214  -0.233972 -0.0527363   -9.80607 
              77.028 -0.691375 -0.349971  -99.6416 -0.387375  0.859524   1.01753  0.186325 -0.585121  0.106511 -0.00134543 -0.00210884  0.00274362 -0.0165181 -0.0287954  0.0329042  -0.00309575   0.00279038 -0.000337529   -0.0513698   -0.0559507 -6.80764e-05  -0.233882 -0.0525495   -9.80607 
              77.144 -0.692002 -0.333697  -99.6446 -0.38729 0.859424  1.01783  0.186288 -0.584834  0.106409 -0.00134745 -0.00210833  0.00274278 -0.0165736 -0.0291946  0.0119331  -0.00308663   0.00277344 -0.000335269  -0.0511549   -0.056061 -2.0007e-05  -0.233816 -0.0524109   -9.80607 
              77.268  -0.68022 -0.309165  -99.6434 -0.38724 0.859333  1.01639  0.186259 -0.584508  0.106304 -0.00134953  -0.0021077  0.00274142 -0.0171843 -0.0296358 0.00234169  -0.00308365   0.00274954 -0.000334792  -0.0509289  -0.0561818 8.28301e-05 -0.233743 -0.052264  -9.80608 
              77.412 -0.677879 -0.333076  -99.6456 -0.387414  0.858696   1.01553  0.186208 -0.584217  0.106192  -0.0013517 -0.00210712  0.00274124 -0.0173512 -0.0307418  0.0016773   -0.0030748    0.0027518 -0.000332055  -0.0506966  -0.0562985 0.000110261  -0.233675 -0.0521166   -9.80608 
              77.532 -0.654698 -0.319105  -99.6438 -0.386798  0.859377   1.01406 0.186144 -0.58391 0.106065 -0.00135416 -0.00210636  0.00274075 -0.0170637  -0.029015 -0.0260775  -0.00307565   0.00273151 -0.000331797  -0.0504216  -0.0564389 0.000164579  -0.233594 -0.0519464   -9.80608 
              77.648 -0.651245 -0.336659  -99.6468 -0.386482  0.859496   1.01202  0.186075 -0.583678  0.105955  -0.0013562 -0.00210579  0.00274099  -0.016539 -0.0286414 -0.0320081   -0.0030677   0.00273073 -0.000328955  -0.0501928  -0.0565499 0.000149526  -0.233532 -0.0518066   -9.80608 
              77.744 -0.613753 -0.315978  -99.6338 -0.383732  0.860639   1.01065   0.18603 -0.583423  0.105897 -0.00135851 -0.00210396  0.00274016 -0.0107661 -0.0260809 -0.0118922  -0.00307931   0.00270865 -0.000334839  -0.0499152   -0.056785 0.000135541  -0.233404 -0.0516471   -9.80609 
              77.844 -0.594359 -0.265217  -99.6408 -0.38238 0.861763  1.01065  0.185916 -0.583242  0.105764 -0.0013609 -0.0021033 0.00273877 -0.0102796 -0.0252214 -0.0360616  -0.00308193   0.00267257 -0.000330049  -0.0496346  -0.0569117 7.54181e-05  -0.233337 -0.0514849   -9.80609 
              77.956  -0.58271 -0.244467   -99.647 -0.381892  0.861915   1.00875  0.185818 -0.583075  0.105641 -0.0013629  -0.002103 0.00273786 -0.0116629 -0.0269751 -0.0209417  -0.00308001   0.00265336 -0.000325785  -0.0494072  -0.0569973 1.68829e-05  -0.233292 -0.0513509   -9.80609 
              78.084 -0.561809 -0.246749  -99.6492 -0.381889   0.86136   1.00841  0.185709 -0.582955  0.105517 -0.00136485 -0.00210269  0.00273808 -0.0146852 -0.0300796 -0.0179752  -0.00308253   0.00264607 -0.000323647   -0.0491756   -0.0570791 -6.89244e-05   -0.23325 -0.0512189   -9.80609 
              78.188 -0.552732 -0.246617  -99.6481 -0.381702  0.861727   1.00839  0.185587 -0.582775  0.105369 -0.00136702 -0.00210229  0.00273875 -0.0155669 -0.0299724 0.00501268  -0.00307691   0.00263555 -0.000323089    -0.048915   -0.0571654 -0.000169064  -0.233206 -0.0510664   -9.80609 
              78.284 -0.551008 -0.240339  -99.6479 -0.381683  0.861876    1.0089  0.185478 -0.582608  0.105235 -0.00136896 -0.00210192  0.00273929 -0.0169952 -0.0305906  -0.011144  -0.00306931   0.00262326 -0.000322093   -0.0486801   -0.0572441 -0.000272944  -0.233166 -0.0509289    -9.8061 
              78.376 -0.564964 -0.252975  -99.6481 -0.381781   0.86184   1.01069  0.185382 -0.582438  0.105113 -0.00137073 -0.00210159  0.00273997 -0.0179491 -0.0309691 -0.0211686  -0.00305399   0.00262186 -0.000320659   -0.0484633    -0.057319 -0.000363796  -0.233128 -0.0508012    -9.8061 
              78.492 -0.575755 -0.242399  -99.6465 -0.382452  0.861023   1.00932  0.185302 -0.582198  0.104993 -0.00137252 -0.00210123  0.00274046 -0.0202124 -0.0332895  -0.019216  -0.00304016    0.0026091 -0.000320805   -0.0482537   -0.0573967 -0.000416949  -0.233086 -0.0506719    -9.8061 
              78.604 -0.566161 -0.253586  -99.6437 -0.382638  0.860858   1.00882 0.185201 -0.58197  0.10486 -0.00137467 -0.00210064  0.00274104  -0.0205471  -0.0330473 -0.00333023  -0.00303593   0.00260671 -0.000321405   -0.0479861   -0.0575099 -0.000497516  -0.233026 -0.0505153    -9.8061 
              78.744 -0.564717 -0.254736   -99.643 -0.383258  0.859891   1.00906  0.185095 -0.581755  0.104727 -0.00137688 -0.00210004  0.00274129 -0.0224519 -0.0350856 -0.0131751  -0.00302761   0.00259851 -0.000320853   -0.0477064   -0.0576327 -0.000589085  -0.232963 -0.0503545    -9.8061 
              78.848  -0.56991 -0.268583  -99.6419 -0.382576  0.860907    1.0094 0.184985 -0.58146 0.104575 -0.00137955  -0.0020993  0.00274161 -0.0202941 -0.0315849 -0.0103684  -0.00301329    0.0025944 -0.000320076   -0.0473781   -0.0577854 -0.000671463  -0.232882 -0.0501634   -9.80611 
              78.956  -0.56969 -0.254305  -99.6439 -0.382448  0.861086   1.00918   0.18489 -0.581226  0.104448 -0.00138174 -0.00209882  0.00274133  -0.0200194  -0.0314706 -0.00738404  -0.00300505   0.00257761 -0.000317837   -0.0471113   -0.0579047 -0.000757963   -0.23282 -0.0500087   -9.80611 
              79.084 -0.572208  -0.26181   -99.645 -0.382754  0.860454   1.00996  0.184789 -0.581036  0.104326 -0.00138381 -0.00209837  0.00274127 -0.0212307 -0.0330511 -0.0364077   -0.0029951   0.00257261 -0.000315763   -0.0468515   -0.0580195 -0.000864357  -0.232762 -0.0498615   -9.80611 
              79.212 -0.579218 -0.266586  -99.6442 -0.382777  0.860344   1.00962  0.184682 -0.580793  0.104189 -0.00138617  -0.0020978  0.00274114 -0.0205677 -0.0327059 -0.0133817  -0.00298108   0.00256559 -0.000314889   -0.0465599   -0.0581486 -0.000961388  -0.232695 -0.0496947   -9.80611 
              79.344 -0.571711 -0.256779  -99.6435 -0.382688  0.860297   1.01024  0.184572 -0.580571  0.104055 -0.00138858 -0.00209712  0.00274086 -0.0201969 -0.0326374  0.0156677  -0.00297497   0.00255054 -0.000314374  -0.0462598  -0.0582868 -0.00104111  -0.232625 -0.0495262   -9.80612 
              79.452 -0.580607 -0.261341  -99.6431 -0.382122  0.861098   1.01125 0.184478  -0.5803 0.103921 -0.00139095 -0.00209646  0.00274074 -0.0185978  -0.030239  0.0242686  -0.00295949   0.00254232 -0.000313543  -0.0459711  -0.0584187 -0.00109776  -0.232556 -0.0493601   -9.80612 
               79.56 -0.597147 -0.261035  -99.6456 -0.381955  0.861292   1.01409  0.184405 -0.580044  0.103806 -0.00139294 -0.00209602  0.00274082  -0.018075 -0.0299072  0.0262453  -0.00294167    0.0025331 -0.000311322  -0.0457371  -0.0585206 -0.00115111  -0.232502 -0.0492224   -9.80612 
              79.668 -0.609547  -0.22928  -99.6444 -0.381987  0.861476   1.01521  0.184356 -0.579692   0.10369 -0.00139489 -0.00209556  0.00274039  -0.0188787  -0.0301077 0.000140978  -0.00292584   0.00250574 -0.000311359  -0.0455191  -0.0586157 -0.00114406  -0.232449 -0.0490853   -9.80612 
               79.78  -0.62352 -0.228257  -99.6442 -0.382142  0.861439    1.0152  0.184323 -0.579341  0.103584 -0.00139679 -0.00209504  0.00274035 -0.0190824 -0.0303709 0.00608409 -0.00290936  0.00249565  -0.0003105  -0.0453089  -0.0587129 -0.00111551  -0.232394 -0.0489529   -9.80612 
              79.908 -0.640895 -0.240302  -99.6436 -0.382542  0.860833   1.01502  0.184279 -0.579041  0.103478 -0.00139871 -0.00209453  0.00274081 -0.0198513 -0.0319822 -0.0261695  -0.00289088   0.00249283 -0.000309705   -0.045089  -0.0588127 -0.00111927  -0.232339 -0.0488205   -9.80613 
              80.012 -0.631262 -0.219291  -99.6424 -0.383762  0.861407   1.01405  0.184126 -0.578822  0.103289 -0.00140083 -0.00209463  0.00274054 -0.0215431 -0.0309031 0.00811988 -0.00288624   0.0024706 -0.00030917  -0.0448165  -0.0588459 -0.00116026  -0.232323 -0.0486628   -9.80613 
              80.132 -0.620336 -0.201256  -99.6389 -0.384708  0.861013   1.01425   0.18402 -0.578679  0.103161 -0.00140278 -0.00209421   0.0027401  -0.0231645  -0.0328788 -0.00979852  -0.00288424   0.00245235 -0.000309968  -0.0445595  -0.0589323 -0.00120412   -0.23228 -0.0485239   -9.80613 
              80.268 -0.623972 -0.206259  -99.6349 -0.385319  0.860283   1.01308  0.183931 -0.578487  0.103046 -0.00140492  -0.0020935  0.00274041  -0.0230283  -0.0346846 -0.00846847  -0.00287295   0.00244613 -0.000310561  -0.0442828  -0.0590621 -0.00123466  -0.232214 -0.0483742   -9.80613 
               80.38 -0.617239 -0.218604  -99.6337 -0.384651  0.860896   1.01357  0.183823 -0.578285  0.102923 -0.00140734 -0.00209267  0.00274099   -0.019992   -0.032479 0.000184848    -0.002866   0.00244369 -0.000309851 -0.0439647  -0.059222 -0.0012931 -0.232134 -0.048205  -9.80613 
              80.496 -0.620249 -0.207901  -99.6365 -0.384404   0.86093   1.01472  0.183731 -0.578076  0.102805 -0.00140946 -0.00209211  0.00274085  -0.019113 -0.0327234 -0.0173661  -0.00285565   0.00243008 -0.000307712  -0.0436951   -0.059345 -0.00134897 -0.232072 -0.048058  -9.80614 
              80.596 -0.634742 -0.214394  -99.6361 -0.383899   0.86138   1.01512  0.183651 -0.577821  0.102685 -0.00141152 -0.00209166  0.00274129 -0.0170493 -0.0314745 -0.0152929  -0.00283881   0.00242486 -0.000307038  -0.043439 -0.0594569 -0.0014063  -0.232015 -0.0479139   -9.80614 
              80.704 -0.641817 -0.213005  -99.6386 -0.383838  0.861205   1.01635  0.183567 -0.577611  0.102569 -0.00141335 -0.00209135  0.00274126 -0.0162031 -0.0321174 0.00629547  -0.00282759   0.00241617 -0.000304821  -0.0432066  -0.0595463 -0.00145829   -0.23197 -0.0477845   -9.80614 
              80.828 -0.638902 -0.194354  -99.6353 -0.383912  0.860675   1.01767 0.183496 -0.57734 0.102452  -0.0014153 -0.00209091  0.00274098 -0.0168103 -0.0336782  0.0066022  -0.00282109   0.00239675 -0.000305843  -0.0429653  -0.0596455 -0.00145597  -0.231919 -0.0476468   -9.80614 
              80.932 -0.665975 -0.212158  -99.6383 -0.383381  0.861195   1.01757  0.183428 -0.576982  0.102318 -0.00141752 -0.00209048  0.00274143 -0.0153997 -0.0316771 -0.0255767  -0.00279701   0.00239638 -0.000302709  -0.0427028  -0.0597533 -0.00146431  -0.231861 -0.0474925   -9.80614 
              81.056 -0.670531 -0.212063  -99.6416 -0.383385  0.860745   1.01719 0.183352 -0.57672 0.102196 -0.00141945 -0.00209018  0.00274142 -0.0145972  -0.032788   0.014458  -0.00278705    0.0023887 -0.000299677  -0.0424624  -0.0598424 -0.00147724  -0.231815 -0.0473562   -9.80615 
              81.176 -0.654217 -0.201079  -99.6391 -0.383078  0.860841   1.01581  0.183272 -0.576464  0.102067 -0.00142159 -0.00208972  0.00274123  -0.0149157  -0.0323837 -0.00571433  -0.00278657   0.00237421 -0.000299893  -0.0421873  -0.0599494 -0.00144914  -0.231759 -0.0472048   -9.80615 
              81.276 -0.635938 -0.197402  -99.6398 -0.382521  0.861506   1.01536  0.183181 -0.576247  0.101936 -0.00142366  -0.0020893  0.00274098   -0.014169  -0.0305398 -0.00513434  -0.00278755   0.00236431 -0.000298192  -0.0419154  -0.0600495 -0.00145885  -0.231709 -0.0470582   -9.80615 
              81.392 -0.633164 -0.201658  -99.6411 -0.382501  0.861164   1.01495  0.183101 -0.576067  0.101823 -0.00142538 -0.00208898  0.00274099 -0.0145055 -0.0315218   0.015195  -0.00278141   0.00236058 -0.000296678  -0.0416882  -0.0601303 -0.00146979  -0.231668 -0.0469359   -9.80615 
               81.52 -0.630549 -0.205548  -99.6424 -0.382606  0.860646   1.01559  0.183014 -0.575863  0.101698 -0.00142723 -0.00208865  0.00274111  -0.016008 -0.0326713 -0.0166915  -0.00277407   0.00235499 -0.000295013  -0.0414439  -0.0602149 -0.00148347  -0.231626 -0.0468038   -9.80615 
              81.648 -0.632755 -0.210757  -99.6417 -0.382674  0.860562   1.01332  0.182925 -0.575583  0.101559 -0.00142929 -0.00208829  0.00274132 -0.0161136 -0.0323329 0.00348484  -0.00276323   0.00234882 -0.000294342  -0.0411809  -0.0603052 -0.00148841   -0.23158 -0.0466573   -9.80615 
              81.772 -0.614524 -0.229861  -99.6442 -0.382466  0.860683   1.01272  0.182829 -0.575388  0.101431 -0.00143132 -0.00208781   0.0027416   -0.016415  -0.0312705 -0.00838312  -0.00276391   0.00235015 -0.000292018  -0.0409041  -0.0604112 -0.00151468  -0.231528 -0.0465124   -9.80616 
              81.904 -0.618415 -0.241946  -99.6466 -0.382566  0.860432    1.0133  0.182724 -0.575199  0.101297 -0.00143325 -0.00208749  0.00274199 -0.0166489 -0.0314903 -0.0055139 -0.00275288  0.00234737 -0.00028966  -0.0406377  -0.0605014 -0.00159139  -0.231485 -0.0463722   -9.80616 
              82.008 -0.624603   -0.2459  -99.6465 -0.382124  0.861247   1.01385  0.182622 -0.574976  0.101158 -0.00143528 -0.00208711  0.00274208  -0.014858 -0.0289378  0.0229586  -0.00274002   0.00233911 -0.000288609  -0.0403615  -0.0605976 -0.00165389  -0.231438 -0.0462256   -9.80616 
              82.144 -0.877319 0.0217796  -99.5414 -0.385825  0.856671   1.02553  0.182386 -0.575098  0.100961 -0.00143787 -0.00208931  0.00273959 -0.0150697 -0.0495296  0.0556261  -0.00259138    0.0021825 -0.000348772  -0.0402399  -0.0604446 -0.00205011  -0.231524 -0.0461641   -9.80616 
               82.28 -0.935096 0.0982659  -99.4988 -0.380817  0.858516   1.03383  0.182397 -0.574112  0.100781   -0.001443 -0.00208675  0.00273372 0.00335883 -0.0432449  0.0212917  -0.00255029   0.00212905 -0.000371373  -0.0396574  -0.0607561 -0.00220218  -0.231359 -0.0458259   -9.80616 
              82.372 -0.987058 0.0926007  -99.5071 -0.379416   0.86015    1.0352  0.182161 -0.573394  0.100491 -0.00144643 -0.00208999  0.00273943 0.00654821 -0.0367171 0.00454209  -0.00251341   0.00212266 -0.000364816   -0.039271  -0.0607781 -0.00207978  -0.231346 -0.0455837   -9.80617 
              82.476 -0.992571  0.106691  -99.5116 -0.378583  0.860034   1.03439  0.181952 -0.572923   0.10024 -0.00144869 -0.00209282  0.00274371   0.00681457    -0.037563 -0.000374617 -0.00250452  0.00210981 -0.00036131  -0.0389737  -0.0607586 -0.00191527  -0.231354 -0.0454019   -9.80617 
               82.58 -0.983941  0.106503    -99.52 -0.378259  0.860427   1.03255  0.181708  -0.57265 0.0998981 -0.00145137 -0.00209609  0.00274862 0.00626378 -0.0365554  0.0278043  -0.00250227    0.0021045 -0.000355529  -0.0385699  -0.0606906 -0.00176212  -0.231385 -0.0451823   -9.80617 
              82.692 -0.966224  0.106496  -99.5216 -0.378044   0.86017   1.03274  0.181504  -0.57255 0.0995661   -0.001454 -0.00209805  0.00275181  0.0043907  -0.038057 0.00517371  -0.00250553   0.00209836 -0.000353286 -0.0381629 -0.0606178 -0.0016565  -0.231416 -0.0449754   -9.80617 
              82.796 -0.960682  0.109156  -99.5214 -0.378156  0.860396   1.03153  0.181231 -0.572296 0.0991948 -0.00145691 -0.00209922  0.00275321 0.00262859 -0.0375802  0.0023377  -0.00250135   0.00209053 -0.000352021  -0.0377459  -0.0605405 -0.00155714  -0.231453 -0.0447513   -9.80617 
